Id_cliente,Cliente,Razao_social,Situacao,Criado_em,Atualizado_em,Tipo_de_contrato,Contrato,FMH_Help_Desk,FM_On_Site_SSP,FM_Help_Desk,FM_LABIN,FM_Telefonia,FM_On_Site_Ti,FMH_On_site_Ti,FMH_On_site_SSP,Grupo_cliente,Setor,CEP,Cidade,Estado
685213,Aparecida S.A.,APARECIDA S.A. LTDA,Ativo,2024-10-21 17:11:00.000000,2026-03-19 19:30:01.720151,Horas,Rescindido,0.0,10,0,0,10,20,80.0,0.0,Escritorios Associados,Contabil,79002-000,CAMPO GRANDE,MS
568083,Monteiro e Filhos,MONTEIRO E FILHOS LTDA,Ativo,2023-09-13 22:52:05.000000,2026-03-19 19:30:01.720193,Horas,Sim,40.0,50,10,0,10,5,10.0,10.0,Escritorios Associados,Contabil,58010-000,JOAO PESSOA,PB
264217,Castro,CASTRO LTDA,Inativo,2024-11-30 03:27:59.000000,2026-03-19 19:30:01.720220,Chamado,Sim,0.0,0,10,20,5,0,20.0,80.0,Manufatura Sul,Industria,62010-000,SOBRAL,CE
105421,da Luz,DA LUZ LTDA,Inativo,2023-07-20 22:20:40.000000,2026-03-19 19:30:01.720241,Eqpto/Colab,Sim,20.0,5,0,5,0,10,40.0,10.0,Escritorios Associados,Contabil,57010-000,MACEIO,AL
840568,Martins - EI,MARTINS - EI LTDA,Inativo,2026-02-25 18:46:04.000000,2026-03-19 19:30:01.720266,Eqpto/Colab,Não,40.0,20,20,20,5,0,20.0,10.0,Tecnologia,Servicos,68900-000,MACAPA,AP
754069,da Cunha S/A,DA CUNHA S/A LTDA,Inativo,2025-05-19 04:38:51.000000,2026-03-19 19:30:01.720286,Eqpto/Colab,Sim,0.0,20,50,0,0,10,40.0,20.0,Tecnologia,Servicos,89201-000,JOINVILLE,SC
560603,Sa,SA LTDA,Inativo,2024-09-21 10:03:03.000000,2026-03-19 19:30:01.720306,Chamado,Não,10.0,10,0,20,50,10,80.0,10.0,Vendas Diretas,Varejo,96010-000,PELOTAS,RS
154391,Sales,SALES LTDA,Ativo,2025-04-26 16:27:27.000000,2026-03-19 19:30:01.720327,Horas,Rescindido,40.0,50,10,10,5,0,80.0,0.0,Tecnologia,Servicos,59010-000,NATAL,RN
472956,Rodrigues - ME,RODRIGUES - ME LTDA,Inativo,2023-11-18 18:11:42.000000,2026-03-19 19:30:01.720347,Horas,Rescindido,80.0,5,10,5,5,10,0.0,10.0,Tecnologia,Servicos,36010-000,JUIZ DE FORA,MG
562213,Aragao Fonseca - EI,ARAGAO FONSECA - EI LTDA,Inativo,2023-12-19 19:11:21.000000,2026-03-19 19:30:01.720368,Eqpto/Colab,Rescindido,0.0,10,5,5,0,5,20.0,10.0,Tecnologia,Servicos,29010-000,VITORIA,ES
296542,Gomes,GOMES LTDA,Inativo,2023-11-27 00:47:35.000000,2026-03-19 19:30:01.720387,Eqpto/Colab,Rescindido,40.0,20,5,5,10,0,80.0,0.0,Escritorios Associados,Contabil,65010-000,SAO LUIS,MA
842871,Vargas,VARGAS LTDA,Inativo,2025-12-19 18:01:32.000000,2026-03-19 19:30:01.720406,Eqpto/Colab,Sim,40.0,5,10,10,0,20,80.0,20.0,Escritorios Associados,Contabil,74003-010,GOIANIA,GO
757772,da Rosa - ME,DA ROSA - ME LTDA,Inativo,2023-12-13 05:36:40.000000,2026-03-19 19:30:01.720425,Chamado,Rescindido,20.0,0,10,50,20,0,40.0,10.0,Escritorios Associados,Contabil,29010-000,VITORIA,ES
171963,Vargas Rocha - ME,VARGAS ROCHA - ME LTDA,Ativo,2025-11-13 08:07:18.000000,2026-03-19 19:30:01.720444,Chamado,Sim,40.0,20,10,5,10,5,10.0,20.0,Escritorios Associados,Contabil,66010-000,BELEM,PA
152434,Monteiro - ME,MONTEIRO - ME LTDA,Inativo,2024-05-20 04:47:08.000000,2026-03-19 19:30:01.720464,Horas,Rescindido,40.0,50,10,50,0,10,10.0,0.0,Tecnologia,Servicos,40010-000,SALVADOR,BA
425122,Goncalves - ME,GONCALVES - ME LTDA,Ativo,2023-11-18 05:54:56.000000,2026-03-19 19:30:01.720482,Horas,Não,20.0,5,0,0,10,5,10.0,10.0,Manufatura Sul,Industria,74003-010,GOIANIA,GO
559223,Pacheco Sa - EI,PACHECO SA - EI LTDA,Ativo,2024-08-21 11:38:50.000000,2026-03-19 19:30:01.720500,Chamado,Não,0.0,5,10,10,50,20,80.0,40.0,Escritorios Associados,Contabil,55002-000,CARUARU,PE
527080,Ramos,RAMOS LTDA,Ativo,2023-07-24 01:34:51.000000,2026-03-19 19:30:01.720519,Eqpto/Colab,Sim,20.0,10,50,50,10,20,40.0,80.0,Tecnologia,Servicos,78005-000,CUIABA,MT
828634,Siqueira S/A,SIQUEIRA S/A LTDA,Inativo,2026-02-26 01:14:19.000000,2026-03-19 19:30:01.720537,Horas,Rescindido,80.0,50,20,10,50,50,20.0,40.0,Vendas Diretas,Varejo,55002-000,CARUARU,PE
556383,Garcia - EI,GARCIA - EI LTDA,Inativo,2025-04-21 11:10:07.000000,2026-03-19 19:30:01.720556,Chamado,Não,20.0,10,20,20,20,50,10.0,20.0,Tecnologia,Servicos,24020-000,NITEROI,RJ
206622,Pereira Vargas - ME,PEREIRA VARGAS - ME LTDA,Ativo,2025-07-12 11:04:11.000000,2026-03-19 19:30:01.720574,Chamado,Não,10.0,20,20,0,20,10,10.0,0.0,Escritorios Associados,Contabil,76801-000,PORTO VELHO,RO
463586,Fonseca Garcia e Filhos,FONSECA GARCIA E FILHOS LTDA,Ativo,2023-08-19 07:55:25.000000,2026-03-19 19:30:01.720593,Eqpto/Colab,Não,80.0,50,50,50,20,0,40.0,0.0,Tecnologia,Servicos,18010-000,SOROCABA,SP
665726,Ferreira,FERREIRA LTDA,Ativo,2023-08-30 07:38:54.000000,2026-03-19 19:30:01.720611,Chamado,Rescindido,10.0,0,50,50,0,50,80.0,40.0,Manufatura Sul,Industria,58400-000,CAMPINA GRANDE,PB
827714,Moura Silva S/A,MOURA SILVA S/A LTDA,Ativo,2024-07-27 10:19:18.000000,2026-03-19 19:30:01.720629,Chamado,Rescindido,80.0,0,50,50,5,0,40.0,40.0,Manufatura Sul,Industria,76801-000,PORTO VELHO,RO
519391,Albuquerque da Conceicao e Filhos,ALBUQUERQUE DA CONCEICAO E FILHOS LTDA,Inativo,2024-01-26 00:45:44.000000,2026-03-19 19:30:01.720649,Eqpto/Colab,Não,0.0,20,20,50,10,50,20.0,40.0,Tecnologia,Servicos,69900-000,RIO BRANCO,AC
182724,da Costa,DA COSTA LTDA,Inativo,2023-05-20 11:57:40.000000,2026-03-19 19:30:01.720667,Horas,Não,20.0,5,5,50,0,5,80.0,0.0,Tecnologia,Servicos,80010-000,CURITIBA,PR
414857,Peixoto,PEIXOTO LTDA,Ativo,2024-06-13 12:14:46.000000,2026-03-19 19:30:01.720686,Eqpto/Colab,Não,40.0,50,50,50,20,10,10.0,10.0,Escritorios Associados,Contabil,74003-010,GOIANIA,GO
107833,Garcia e Filhos,GARCIA E FILHOS LTDA,Ativo,2025-08-25 04:16:16.000000,2026-03-19 19:30:01.720703,Horas,Não,10.0,5,5,50,0,10,10.0,80.0,Manufatura Sul,Industria,11010-000,SANTOS,SP
252491,Pereira,PEREIRA LTDA,Ativo,2023-04-01 21:51:01.000000,2026-03-19 19:30:01.720722,Horas,Não,80.0,50,20,50,0,10,20.0,0.0,Manufatura Sul,Industria,74003-010,GOIANIA,GO
508988,Camargo,CAMARGO LTDA,Ativo,2025-09-27 22:51:34.000000,2026-03-19 19:30:01.720739,Chamado,Não,80.0,10,10,0,0,10,0.0,20.0,Manufatura Sul,Industria,30110-000,BELO HORIZONTE,MG
285669,Garcia S/A,GARCIA S/A LTDA,Inativo,2025-04-05 00:40:20.000000,2026-03-19 19:30:01.720757,Eqpto/Colab,Não,0.0,0,0,20,0,10,0.0,40.0,Manufatura Sul,Industria,88010-000,FLORIANOPOLIS,SC
456113,Campos Moraes Ltda.,CAMPOS MORAES LTDA. LTDA,Ativo,2024-01-23 21:01:27.000000,2026-03-19 19:30:01.720775,Eqpto/Colab,Não,20.0,0,0,10,5,10,20.0,10.0,Escritorios Associados,Contabil,69900-000,RIO BRANCO,AC
689746,Novais e Filhos,NOVAIS E FILHOS LTDA,Inativo,2026-02-12 21:06:05.000000,2026-03-19 19:30:01.720793,Chamado,Não,40.0,20,50,10,20,20,40.0,80.0,Escritorios Associados,Contabil,56302-000,PETROLINA,PE
727452,Melo,MELO LTDA,Inativo,2023-03-30 14:21:11.000000,2026-03-19 19:30:01.720811,Chamado,Rescindido,0.0,0,0,50,0,0,0.0,40.0,Manufatura Sul,Industria,14010-000,RIBEIRAO PRETO,SP
402655,Nascimento,NASCIMENTO LTDA,Ativo,2024-05-28 01:16:38.000000,2026-03-19 19:30:01.720830,Eqpto/Colab,Sim,10.0,5,50,5,10,5,10.0,10.0,Vendas Diretas,Varejo,59010-000,NATAL,RN
433992,Correia S/A,CORREIA S/A LTDA,Ativo,2023-11-15 12:46:57.000000,2026-03-19 19:30:01.720850,Eqpto/Colab,Não,0.0,50,50,0,5,20,80.0,10.0,Vendas Diretas,Varejo,65010-000,SAO LUIS,MA
594926,Barros - EI,BARROS - EI LTDA,Ativo,2025-09-15 20:16:33.000000,2026-03-19 19:30:01.720878,Eqpto/Colab,Não,80.0,0,0,20,20,0,10.0,10.0,Vendas Diretas,Varejo,70040-000,BRASILIA,DF
750659,Macedo,MACEDO LTDA,Ativo,2026-02-13 22:01:22.000000,2026-03-19 19:30:01.720897,Horas,Não,80.0,50,5,20,50,20,40.0,10.0,Tecnologia,Servicos,56302-000,PETROLINA,PE
278973,Rodrigues Alves S.A.,RODRIGUES ALVES S.A. LTDA,Inativo,2025-11-02 20:39:28.000000,2026-03-19 19:30:01.720916,Eqpto/Colab,Sim,0.0,5,0,10,5,20,0.0,20.0,Escritorios Associados,Contabil,99010-000,PASSO FUNDO,RS
390543,Montenegro S.A.,MONTENEGRO S.A. LTDA,Inativo,2024-11-22 15:32:54.000000,2026-03-19 19:30:01.720934,Eqpto/Colab,Não,40.0,10,5,5,10,20,0.0,20.0,Manufatura Sul,Industria,15010-000,SAO JOSE DO RIO PRETO,SP
623086,Costa Fernandes Ltda.,COSTA FERNANDES LTDA. LTDA,Ativo,2025-09-02 08:53:03.000000,2026-03-19 19:30:01.720952,Horas,Rescindido,20.0,0,20,0,0,5,80.0,80.0,Tecnologia,Servicos,39400-000,MONTES CLAROS,MG
495935,Pimenta,PIMENTA LTDA,Ativo,2025-03-28 10:28:26.000000,2026-03-19 19:30:01.720970,Horas,Não,80.0,10,50,0,0,5,40.0,40.0,Escritorios Associados,Contabil,58400-000,CAMPINA GRANDE,PB
236488,Carvalho,CARVALHO LTDA,Ativo,2024-04-17 06:14:46.000000,2026-03-19 19:30:01.720989,Horas,Sim,40.0,5,5,10,20,0,40.0,10.0,Escritorios Associados,Contabil,39400-000,MONTES CLAROS,MG
329393,Castro,CASTRO LTDA,Inativo,2025-06-26 07:48:07.000000,2026-03-19 19:30:01.721007,Horas,Sim,0.0,5,5,10,20,5,40.0,40.0,Tecnologia,Servicos,39400-000,MONTES CLAROS,MG
151819,Viana,VIANA LTDA,Ativo,2025-06-06 18:17:07.000000,2026-03-19 19:30:01.721027,Horas,Rescindido,40.0,10,20,10,5,20,80.0,40.0,Vendas Diretas,Varejo,89201-000,JOINVILLE,SC
483654,Ferreira Abreu Ltda.,FERREIRA ABREU LTDA. LTDA,Ativo,2024-02-17 05:06:46.000000,2026-03-19 19:30:01.721044,Horas,Rescindido,80.0,50,50,10,20,0,80.0,40.0,Manufatura Sul,Industria,44001-000,FEIRA DE SANTANA,BA
552266,Albuquerque,ALBUQUERQUE LTDA,Ativo,2024-06-21 15:26:30.000000,2026-03-19 19:30:01.721062,Eqpto/Colab,Não,40.0,20,5,10,50,20,10.0,10.0,Manufatura Sul,Industria,24020-000,NITEROI,RJ
214924,Nogueira,NOGUEIRA LTDA,Inativo,2024-02-24 19:53:52.000000,2026-03-19 19:30:01.721082,Chamado,Sim,0.0,20,20,10,20,5,40.0,20.0,Vendas Diretas,Varejo,24020-000,NITEROI,RJ
423878,Pires Macedo Ltda.,PIRES MACEDO LTDA. LTDA,Ativo,2025-09-29 22:28:12.000000,2026-03-19 19:30:01.721100,Eqpto/Colab,Rescindido,80.0,50,10,5,20,10,80.0,20.0,Escritorios Associados,Contabil,20010-000,RIO DE JANEIRO,RJ
687433,Campos,CAMPOS LTDA,Ativo,2024-08-24 17:02:09.000000,2026-03-19 19:30:01.721118,Eqpto/Colab,Sim,20.0,10,50,10,5,5,0.0,20.0,Manufatura Sul,Industria,66010-000,BELEM,PA
247875,Pastor Carvalho e Filhos,PASTOR CARVALHO E FILHOS LTDA,Ativo,2024-07-24 12:35:09.000000,2026-03-19 19:30:01.721136,Eqpto/Colab,Sim,80.0,10,0,10,10,20,0.0,20.0,Tecnologia,Servicos,78005-000,CUIABA,MT
365485,Pires,PIRES LTDA,Ativo,2025-09-13 07:43:05.000000,2026-03-19 19:30:01.721154,Eqpto/Colab,Rescindido,0.0,50,50,20,20,20,10.0,10.0,Vendas Diretas,Varejo,49010-000,ARACAJU,SE
678440,Guerra,GUERRA LTDA,Inativo,2023-06-07 19:21:06.000000,2026-03-19 19:30:01.721175,Horas,Rescindido,80.0,0,10,5,0,50,80.0,0.0,Escritorios Associados,Contabil,59010-000,NATAL,RN
524645,Carvalho,CARVALHO LTDA,Ativo,2024-01-14 11:53:59.000000,2026-03-19 19:30:01.721195,Horas,Não,10.0,20,0,50,50,5,80.0,10.0,Manufatura Sul,Industria,68900-000,MACAPA,AP
761968,Montenegro,MONTENEGRO LTDA,Ativo,2023-10-15 00:57:53.000000,2026-03-19 19:30:01.721216,Horas,Rescindido,10.0,5,20,20,0,0,80.0,10.0,Tecnologia,Servicos,14010-000,RIBEIRAO PRETO,SP
871274,Albuquerque Gomes S/A,ALBUQUERQUE GOMES S/A LTDA,Ativo,2025-06-15 12:43:52.000000,2026-03-19 19:30:01.721234,Horas,Rescindido,10.0,0,50,5,50,20,40.0,0.0,Tecnologia,Servicos,69005-000,MANAUS,AM
112349,Lopes Campos e Filhos,LOPES CAMPOS E FILHOS LTDA,Inativo,2023-07-02 15:11:52.000000,2026-03-19 19:30:01.721253,Eqpto/Colab,Não,20.0,20,50,0,5,20,20.0,80.0,Tecnologia,Servicos,50010-000,RECIFE,PE
191147,Dias,DIAS LTDA,Ativo,2025-11-30 01:29:51.000000,2026-03-19 19:30:01.721272,Horas,Não,40.0,0,20,20,50,5,20.0,20.0,Tecnologia,Servicos,55002-000,CARUARU,PE
327027,Monteiro,MONTEIRO LTDA,Ativo,2026-03-08 02:04:13.000000,2026-03-19 19:30:01.721291,Chamado,Sim,40.0,0,50,5,0,10,20.0,80.0,Vendas Diretas,Varejo,59010-000,NATAL,RN
355084,Novais,NOVAIS LTDA,Ativo,2026-01-27 14:48:58.000000,2026-03-19 19:30:01.721308,Horas,Sim,40.0,10,10,50,10,20,40.0,40.0,Tecnologia,Servicos,58010-000,JOAO PESSOA,PB
190969,Dias,DIAS LTDA,Inativo,2024-12-18 23:02:27.000000,2026-03-19 19:30:01.721327,Horas,Não,40.0,50,50,20,50,0,10.0,20.0,Manufatura Sul,Industria,59010-000,NATAL,RN
454962,Leao S.A.,LEAO S.A. LTDA,Inativo,2023-10-03 09:12:10.000000,2026-03-19 19:30:01.721345,Horas,Não,0.0,0,10,20,10,10,10.0,20.0,Escritorios Associados,Contabil,11010-000,SANTOS,SP
575685,das Neves,DAS NEVES LTDA,Ativo,2023-09-22 15:28:49.000000,2026-03-19 19:30:01.721365,Chamado,Sim,0.0,50,20,50,0,20,10.0,40.0,Tecnologia,Servicos,11010-000,SANTOS,SP
754668,Cavalcanti Guerra S/A,CAVALCANTI GUERRA S/A LTDA,Ativo,2023-11-22 20:26:17.000000,2026-03-19 19:30:01.721383,Chamado,Rescindido,0.0,5,50,20,50,50,40.0,10.0,Escritorios Associados,Contabil,20010-000,RIO DE JANEIRO,RJ
295715,Pinto,PINTO LTDA,Ativo,2025-11-20 12:59:38.000000,2026-03-19 19:30:01.721403,Chamado,Rescindido,40.0,50,10,10,0,5,80.0,20.0,Escritorios Associados,Contabil,15010-000,SAO JOSE DO RIO PRETO,SP
879542,Guerra Sampaio S.A.,GUERRA SAMPAIO S.A. LTDA,Inativo,2024-12-04 23:17:26.000000,2026-03-19 19:30:01.721421,Horas,Sim,10.0,20,5,20,20,0,80.0,40.0,Tecnologia,Servicos,24020-000,NITEROI,RJ
577847,Moreira S/A,MOREIRA S/A LTDA,Inativo,2025-05-29 19:42:36.000000,2026-03-19 19:30:01.721438,Chamado,Sim,0.0,0,10,5,0,20,10.0,80.0,Escritorios Associados,Contabil,69900-000,RIO BRANCO,AC
161669,Silva Caldeira - ME,SILVA CALDEIRA - ME LTDA,Inativo,2024-03-04 03:51:15.000000,2026-03-19 19:30:01.721456,Horas,Rescindido,80.0,5,20,20,50,0,20.0,10.0,Vendas Diretas,Varejo,01001-000,SAO PAULO,SP
885352,Barros,BARROS LTDA,Inativo,2024-03-28 15:43:48.000000,2026-03-19 19:30:01.721473,Chamado,Rescindido,20.0,10,0,50,0,20,80.0,20.0,Escritorios Associados,Contabil,59010-000,NATAL,RN
120438,Aragao Correia Ltda.,ARAGAO CORREIA LTDA. LTDA,Ativo,2023-04-15 12:39:12.000000,2026-03-19 19:30:01.721491,Horas,Não,80.0,50,50,0,10,10,10.0,20.0,Vendas Diretas,Varejo,90010-000,PORTO ALEGRE,RS
870109,Fonseca Pereira - ME,FONSECA PEREIRA - ME LTDA,Inativo,2023-07-18 05:42:57.000000,2026-03-19 19:30:01.721509,Horas,Rescindido,20.0,50,20,20,0,0,0.0,20.0,Tecnologia,Servicos,20010-000,RIO DE JANEIRO,RJ
328278,Camara,CAMARA LTDA,Ativo,2023-07-27 11:36:24.000000,2026-03-19 19:30:01.721528,Horas,Não,0.0,50,10,0,10,50,0.0,40.0,Tecnologia,Servicos,30110-000,BELO HORIZONTE,MG
382808,Guerra,GUERRA LTDA,Inativo,2024-06-11 15:19:05.000000,2026-03-19 19:30:01.721546,Eqpto/Colab,Rescindido,0.0,5,20,0,50,0,20.0,40.0,Tecnologia,Servicos,78005-000,CUIABA,MT
499163,Mendonca,MENDONCA LTDA,Ativo,2024-12-06 07:53:11.000000,2026-03-19 19:30:01.721564,Horas,Não,80.0,10,10,10,0,50,80.0,80.0,Manufatura Sul,Industria,38400-000,UBERLANDIA,MG
576703,Costa S/A,COSTA S/A LTDA,Ativo,2023-04-06 16:21:51.000000,2026-03-19 19:30:01.721583,Horas,Rescindido,40.0,5,50,50,20,0,0.0,80.0,Vendas Diretas,Varejo,11010-000,SANTOS,SP
484686,Melo da Costa Ltda.,MELO DA COSTA LTDA. LTDA,Inativo,2024-10-11 03:48:25.000000,2026-03-19 19:30:01.721601,Chamado,Rescindido,20.0,5,10,20,5,5,10.0,40.0,Tecnologia,Servicos,40010-000,SALVADOR,BA
476780,Marques da Mota - EI,MARQUES DA MOTA - EI LTDA,Ativo,2024-10-23 15:42:00.000000,2026-03-19 19:30:01.721619,Horas,Sim,40.0,10,5,10,0,5,80.0,0.0,Vendas Diretas,Varejo,76801-000,PORTO VELHO,RO
814572,Jesus e Filhos,JESUS E FILHOS LTDA,Inativo,2025-02-21 20:31:04.000000,2026-03-19 19:30:01.721637,Chamado,Rescindido,80.0,5,0,20,50,10,40.0,80.0,Tecnologia,Servicos,15010-000,SAO JOSE DO RIO PRETO,SP
435460,Camara,CAMARA LTDA,Inativo,2024-05-17 16:44:56.000000,2026-03-19 19:30:01.721655,Horas,Sim,20.0,5,0,10,0,10,10.0,40.0,Escritorios Associados,Contabil,57010-000,MACEIO,AL
418953,Aparecida S/A,APARECIDA S/A LTDA,Inativo,2023-05-02 16:03:23.000000,2026-03-19 19:30:01.721673,Horas,Sim,40.0,20,20,10,0,20,40.0,10.0,Vendas Diretas,Varejo,15010-000,SAO JOSE DO RIO PRETO,SP
260163,Camara Costa S/A,CAMARA COSTA S/A LTDA,Inativo,2023-06-25 14:46:04.000000,2026-03-19 19:30:01.721690,Horas,Rescindido,80.0,20,50,50,5,10,10.0,40.0,Tecnologia,Servicos,56302-000,PETROLINA,PE
783821,Novaes Ltda.,NOVAES LTDA. LTDA,Ativo,2024-09-02 09:59:35.000000,2026-03-19 19:30:01.721708,Chamado,Sim,0.0,5,5,50,5,5,20.0,0.0,Vendas Diretas,Varejo,99010-000,PASSO FUNDO,RS
868045,da Conceicao,DA CONCEICAO LTDA,Ativo,2025-06-05 10:01:29.000000,2026-03-19 19:30:01.721725,Eqpto/Colab,Sim,10.0,20,20,50,20,5,80.0,80.0,Tecnologia,Servicos,69005-000,MANAUS,AM
467189,Peixoto e Filhos,PEIXOTO E FILHOS LTDA,Inativo,2023-06-12 18:26:54.000000,2026-03-19 19:30:01.721743,Eqpto/Colab,Rescindido,10.0,20,10,5,50,20,10.0,10.0,Manufatura Sul,Industria,12209-000,SAO JOSE DOS CAMPOS,SP
130097,Duarte,DUARTE LTDA,Ativo,2025-01-25 19:34:41.000000,2026-03-19 19:30:01.721762,Eqpto/Colab,Não,40.0,5,50,20,5,20,20.0,20.0,Manufatura Sul,Industria,76801-000,PORTO VELHO,RO
796445,Pacheco Araujo - EI,PACHECO ARAUJO - EI LTDA,Ativo,2023-11-10 01:16:00.000000,2026-03-19 19:30:01.721779,Chamado,Não,10.0,10,10,10,10,20,0.0,0.0,Manufatura Sul,Industria,87013-000,MARINGA,PR
601706,Albuquerque - ME,ALBUQUERQUE - ME LTDA,Inativo,2023-06-13 01:48:03.000000,2026-03-19 19:30:01.721799,Eqpto/Colab,Rescindido,20.0,10,5,5,20,10,10.0,10.0,Tecnologia,Servicos,39400-000,MONTES CLAROS,MG
776099,Fernandes Ltda.,FERNANDES LTDA. LTDA,Ativo,2025-08-24 07:06:00.000000,2026-03-19 19:30:01.721817,Chamado,Sim,10.0,5,5,20,10,50,10.0,10.0,Escritorios Associados,Contabil,58400-000,CAMPINA GRANDE,PB
743124,Pereira S/A,PEREIRA S/A LTDA,Ativo,2025-09-20 09:50:30.000000,2026-03-19 19:30:01.721835,Eqpto/Colab,Rescindido,40.0,5,20,0,50,10,20.0,10.0,Tecnologia,Servicos,56302-000,PETROLINA,PE
263104,Moreira Casa Grande - EI,MOREIRA CASA GRANDE - EI LTDA,Ativo,2024-11-23 07:38:14.000000,2026-03-19 19:30:01.721853,Eqpto/Colab,Sim,40.0,50,5,5,20,5,40.0,80.0,Tecnologia,Servicos,87013-000,MARINGA,PR
310717,da Mota Ferreira - EI,DA MOTA FERREIRA - EI LTDA,Ativo,2025-02-02 23:38:47.000000,2026-03-19 19:30:01.721871,Chamado,Sim,80.0,5,50,5,0,50,40.0,40.0,Manufatura Sul,Industria,57010-000,MACEIO,AL
343766,Rocha,ROCHA LTDA,Inativo,2024-02-23 20:27:37.000000,2026-03-19 19:30:01.721888,Eqpto/Colab,Não,20.0,5,0,20,10,20,0.0,80.0,Vendas Diretas,Varejo,36010-000,JUIZ DE FORA,MG
465896,Dias,DIAS LTDA,Inativo,2024-12-09 07:02:52.000000,2026-03-19 19:30:01.721906,Eqpto/Colab,Sim,10.0,50,20,0,50,10,80.0,0.0,Manufatura Sul,Industria,69900-000,RIO BRANCO,AC
530335,Moreira - ME,MOREIRA - ME LTDA,Inativo,2023-05-31 20:08:00.000000,2026-03-19 19:30:01.721927,Chamado,Sim,10.0,0,10,10,20,0,40.0,20.0,Manufatura Sul,Industria,18010-000,SOROCABA,SP
307243,da Rocha,DA ROCHA LTDA,Ativo,2024-12-04 17:10:58.000000,2026-03-19 19:30:01.721947,Eqpto/Colab,Sim,40.0,50,5,10,50,0,10.0,20.0,Escritorios Associados,Contabil,89010-000,BLUMENAU,SC
411305,Melo Ltda.,MELO LTDA. LTDA,Ativo,2024-02-10 12:07:00.000000,2026-03-19 19:30:01.721965,Chamado,Rescindido,0.0,0,0,10,5,20,80.0,20.0,Vendas Diretas,Varejo,24020-000,NITEROI,RJ
242114,Campos Aparecida S/A,CAMPOS APARECIDA S/A LTDA,Inativo,2025-07-01 08:16:25.000000,2026-03-19 19:30:01.721982,Horas,Não,40.0,20,5,20,10,10,40.0,40.0,Manufatura Sul,Industria,99010-000,PASSO FUNDO,RS
312104,Teixeira Ltda.,TEIXEIRA LTDA. LTDA,Ativo,2024-11-03 20:45:17.000000,2026-03-19 19:30:01.722001,Horas,Não,40.0,10,0,0,5,50,80.0,0.0,Escritorios Associados,Contabil,95010-000,CAXIAS DO SUL,RS
503921,da Cruz,DA CRUZ LTDA,Inativo,2024-11-20 07:54:01.000000,2026-03-19 19:30:01.722018,Horas,Rescindido,80.0,10,10,0,50,5,40.0,20.0,Tecnologia,Servicos,69900-000,RIO BRANCO,AC
474756,da Rosa Macedo e Filhos,DA ROSA MACEDO E FILHOS LTDA,Ativo,2023-08-19 03:34:33.000000,2026-03-19 19:30:01.722035,Chamado,Rescindido,10.0,0,20,20,10,0,80.0,0.0,Tecnologia,Servicos,63010-000,JUAZEIRO DO NORTE,CE
480012,Pastor,PASTOR LTDA,Inativo,2025-05-27 20:54:05.000000,2026-03-19 19:30:01.722053,Eqpto/Colab,Sim,0.0,10,10,5,50,5,0.0,80.0,Vendas Diretas,Varejo,29010-000,VITORIA,ES
304232,Garcia,GARCIA LTDA,Ativo,2023-04-21 07:45:43.000000,2026-03-19 19:30:01.722071,Horas,Não,20.0,50,5,50,5,10,10.0,20.0,Tecnologia,Servicos,58400-000,CAMPINA GRANDE,PB
856144,Santos,SANTOS LTDA,Ativo,2024-10-03 18:13:27.000000,2026-03-19 19:30:01.722088,Chamado,Não,10.0,50,10,50,5,10,40.0,10.0,Manufatura Sul,Industria,29010-000,VITORIA,ES
112220,Silveira - EI,SILVEIRA - EI LTDA,Ativo,2023-05-18 23:11:24.000000,2026-03-19 19:30:01.722106,Horas,Não,0.0,10,50,10,0,50,40.0,80.0,Tecnologia,Servicos,77001-000,PALMAS,TO
289205,Cirino,CIRINO LTDA,Ativo,2024-01-01 19:50:10.000000,2026-03-19 19:30:01.722127,Chamado,Não,40.0,10,5,50,50,10,0.0,10.0,Tecnologia,Servicos,80010-000,CURITIBA,PR
318853,Gomes e Filhos,GOMES E FILHOS LTDA,Inativo,2023-11-14 14:30:53.000000,2026-03-19 19:30:01.722145,Horas,Sim,80.0,0,0,50,50,0,10.0,40.0,Vendas Diretas,Varejo,58010-000,JOAO PESSOA,PB
769940,da Costa - ME,DA COSTA - ME LTDA,Inativo,2025-01-23 13:35:50.000000,2026-03-19 19:30:01.722162,Horas,Não,20.0,20,20,10,20,50,40.0,10.0,Escritorios Associados,Contabil,40010-000,SALVADOR,BA
120970,Leao,LEAO LTDA,Ativo,2024-06-05 02:27:42.000000,2026-03-19 19:30:01.722184,Chamado,Não,40.0,20,10,0,10,10,80.0,0.0,Escritorios Associados,Contabil,49010-000,ARACAJU,SE
614243,Castro,CASTRO LTDA,Ativo,2024-04-13 02:46:25.000000,2026-03-19 19:30:01.722202,Chamado,Não,10.0,50,5,50,0,10,10.0,40.0,Tecnologia,Servicos,65010-000,SAO LUIS,MA
811872,da Rosa Sales - ME,DA ROSA SALES - ME LTDA,Ativo,2025-10-01 20:26:46.000000,2026-03-19 19:30:01.722220,Chamado,Rescindido,0.0,20,5,20,0,5,40.0,20.0,Manufatura Sul,Industria,66010-000,BELEM,PA
262480,Fonseca,FONSECA LTDA,Ativo,2023-07-26 08:53:30.000000,2026-03-19 19:30:01.722238,Horas,Rescindido,0.0,10,5,10,20,50,80.0,20.0,Tecnologia,Servicos,65010-000,SAO LUIS,MA
246911,Nogueira Novaes S/A,NOGUEIRA NOVAES S/A LTDA,Ativo,2023-12-03 05:34:50.000000,2026-03-19 19:30:01.722256,Eqpto/Colab,Não,80.0,5,20,5,20,5,20.0,10.0,Manufatura Sul,Industria,89201-000,JOINVILLE,SC
605223,Mendes e Filhos,MENDES E FILHOS LTDA,Ativo,2024-09-01 20:29:43.000000,2026-03-19 19:30:01.722275,Horas,Não,10.0,50,50,5,5,0,80.0,40.0,Escritorios Associados,Contabil,78005-000,CUIABA,MT
863982,Santos Silva - EI,SANTOS SILVA - EI LTDA,Inativo,2026-01-01 21:25:55.000000,2026-03-19 19:30:01.722292,Horas,Não,0.0,0,0,50,20,20,40.0,0.0,Manufatura Sul,Industria,63010-000,JUAZEIRO DO NORTE,CE
171065,Sales,SALES LTDA,Inativo,2025-07-22 00:35:38.000000,2026-03-19 19:30:01.722312,Eqpto/Colab,Rescindido,0.0,50,50,50,5,0,40.0,80.0,Manufatura Sul,Industria,88010-000,FLORIANOPOLIS,SC
655053,da Paz,DA PAZ LTDA,Inativo,2023-10-22 13:40:45.000000,2026-03-19 19:30:01.722330,Eqpto/Colab,Rescindido,0.0,20,10,0,5,20,0.0,0.0,Manufatura Sul,Industria,44001-000,FEIRA DE SANTANA,BA
637379,Caldeira,CALDEIRA LTDA,Inativo,2024-01-12 03:16:59.000000,2026-03-19 19:30:01.722348,Horas,Sim,80.0,20,0,10,50,50,80.0,40.0,Vendas Diretas,Varejo,40010-000,SALVADOR,BA
846359,Teixeira,TEIXEIRA LTDA,Ativo,2025-07-12 23:45:19.000000,2026-03-19 19:30:01.722366,Chamado,Não,80.0,0,50,10,50,5,20.0,0.0,Tecnologia,Servicos,89201-000,JOINVILLE,SC
404398,Ribeiro Cavalcanti Ltda.,RIBEIRO CAVALCANTI LTDA. LTDA,Ativo,2024-06-17 09:30:43.000000,2026-03-19 19:30:01.722383,Horas,Sim,40.0,50,50,50,10,50,80.0,0.0,Tecnologia,Servicos,20010-000,RIO DE JANEIRO,RJ
567788,Rodrigues Vasconcelos Ltda.,RODRIGUES VASCONCELOS LTDA. LTDA,Inativo,2024-10-15 07:39:15.000000,2026-03-19 19:30:01.722401,Eqpto/Colab,Sim,0.0,50,0,20,50,20,10.0,20.0,Escritorios Associados,Contabil,69005-000,MANAUS,AM
144056,Montenegro,MONTENEGRO LTDA,Ativo,2023-05-10 13:28:43.000000,2026-03-19 19:30:01.722420,Eqpto/Colab,Não,80.0,5,50,5,10,5,10.0,10.0,Vendas Diretas,Varejo,89201-000,JOINVILLE,SC
244260,Gomes,GOMES LTDA,Inativo,2026-02-11 17:15:42.000000,2026-03-19 19:30:01.722437,Eqpto/Colab,Não,10.0,20,20,0,20,10,10.0,80.0,Tecnologia,Servicos,80010-000,CURITIBA,PR
379419,Castro S.A.,CASTRO S.A. LTDA,Ativo,2024-09-13 21:58:49.000000,2026-03-19 19:30:01.722455,Horas,Sim,20.0,20,10,10,20,50,10.0,0.0,Escritorios Associados,Contabil,62010-000,SOBRAL,CE
824463,Pinto S.A.,PINTO S.A. LTDA,Ativo,2026-02-04 15:13:16.000000,2026-03-19 19:30:01.722472,Horas,Sim,10.0,50,5,10,20,0,80.0,20.0,Vendas Diretas,Varejo,24020-000,NITEROI,RJ
655906,Novais Ltda.,NOVAIS LTDA. LTDA,Inativo,2024-02-24 09:44:19.000000,2026-03-19 19:30:01.722492,Chamado,Sim,40.0,20,20,10,10,5,40.0,0.0,Manufatura Sul,Industria,49010-000,ARACAJU,SE
325251,Rocha e Filhos,ROCHA E FILHOS LTDA,Ativo,2024-06-01 12:35:25.000000,2026-03-19 19:30:01.722510,Horas,Não,40.0,0,10,20,50,20,0.0,40.0,Tecnologia,Servicos,87013-000,MARINGA,PR
213550,Brito - EI,BRITO - EI LTDA,Inativo,2025-11-28 19:55:16.000000,2026-03-19 19:30:01.722527,Eqpto/Colab,Sim,20.0,0,0,20,5,5,20.0,10.0,Vendas Diretas,Varejo,86010-000,LONDRINA,PR
207595,Vargas Camara - EI,VARGAS CAMARA - EI LTDA,Inativo,2024-04-17 20:51:30.000000,2026-03-19 19:30:01.722545,Eqpto/Colab,Não,10.0,50,10,0,10,0,0.0,10.0,Manufatura Sul,Industria,64000-000,TERESINA,PI
318574,Novais,NOVAIS LTDA,Inativo,2023-03-31 01:45:05.000000,2026-03-19 19:30:01.722562,Eqpto/Colab,Não,40.0,20,20,10,50,50,20.0,40.0,Manufatura Sul,Industria,12209-000,SAO JOSE DOS CAMPOS,SP
776287,Rezende Barros S.A.,REZENDE BARROS S.A. LTDA,Ativo,2023-06-27 00:56:00.000000,2026-03-19 19:30:01.722580,Eqpto/Colab,Sim,0.0,0,20,20,10,50,0.0,0.0,Escritorios Associados,Contabil,50010-000,RECIFE,PE
116653,Nunes S.A.,NUNES S.A. LTDA,Inativo,2023-12-20 20:34:26.000000,2026-03-19 19:30:01.722599,Chamado,Sim,10.0,0,0,20,50,5,0.0,10.0,Vendas Diretas,Varejo,39400-000,MONTES CLAROS,MG
191663,Rodrigues Casa Grande - ME,RODRIGUES CASA GRANDE - ME LTDA,Ativo,2023-08-20 13:49:47.000000,2026-03-19 19:30:01.722617,Eqpto/Colab,Não,40.0,5,5,5,0,50,20.0,80.0,Escritorios Associados,Contabil,30110-000,BELO HORIZONTE,MG
431339,Pacheco - EI,PACHECO - EI LTDA,Ativo,2024-05-02 21:10:34.000000,2026-03-19 19:30:01.722635,Chamado,Rescindido,0.0,0,10,50,10,50,20.0,40.0,Vendas Diretas,Varejo,64000-000,TERESINA,PI
811638,Pacheco Sales - ME,PACHECO SALES - ME LTDA,Inativo,2024-08-30 02:49:16.000000,2026-03-19 19:30:01.722652,Horas,Rescindido,80.0,10,0,20,50,5,40.0,10.0,Escritorios Associados,Contabil,99010-000,PASSO FUNDO,RS
750927,Guerra,GUERRA LTDA,Inativo,2025-07-06 23:12:44.000000,2026-03-19 19:30:01.722674,Horas,Rescindido,40.0,0,10,50,0,50,40.0,0.0,Vendas Diretas,Varejo,55002-000,CARUARU,PE
280253,Nogueira,NOGUEIRA LTDA,Inativo,2025-06-23 11:28:19.000000,2026-03-19 19:30:01.722692,Chamado,Rescindido,80.0,5,0,50,10,50,0.0,10.0,Escritorios Associados,Contabil,38400-000,UBERLANDIA,MG
800427,das Neves,DAS NEVES LTDA,Ativo,2026-02-08 21:16:08.000000,2026-03-19 19:30:01.722710,Chamado,Sim,20.0,10,5,50,5,50,20.0,80.0,Escritorios Associados,Contabil,39400-000,MONTES CLAROS,MG
566936,Nunes,NUNES LTDA,Inativo,2025-11-09 09:59:29.000000,2026-03-19 19:30:01.722729,Horas,Rescindido,10.0,20,10,5,50,0,0.0,0.0,Escritorios Associados,Contabil,74003-010,GOIANIA,GO
493250,Novaes,NOVAES LTDA,Ativo,2023-09-10 02:27:06.000000,2026-03-19 19:30:01.722746,Horas,Rescindido,80.0,20,50,20,5,0,0.0,10.0,Tecnologia,Servicos,57010-000,MACEIO,AL
222484,Rodrigues,RODRIGUES LTDA,Inativo,2024-08-22 16:51:30.000000,2026-03-19 19:30:01.722764,Chamado,Rescindido,20.0,10,5,0,10,0,20.0,80.0,Tecnologia,Servicos,55002-000,CARUARU,PE
248323,Fonseca S.A.,FONSECA S.A. LTDA,Ativo,2024-06-16 12:44:16.000000,2026-03-19 19:30:01.722781,Horas,Rescindido,20.0,5,10,50,0,5,40.0,10.0,Escritorios Associados,Contabil,44001-000,FEIRA DE SANTANA,BA
247569,Cardoso Nascimento - ME,CARDOSO NASCIMENTO - ME LTDA,Inativo,2024-03-29 15:02:08.000000,2026-03-19 19:30:01.722798,Eqpto/Colab,Não,10.0,50,0,50,10,10,10.0,80.0,Tecnologia,Servicos,15010-000,SAO JOSE DO RIO PRETO,SP
585516,Andrade e Filhos,ANDRADE E FILHOS LTDA,Ativo,2025-08-23 03:39:54.000000,2026-03-19 19:30:01.722815,Horas,Rescindido,10.0,50,10,20,0,50,20.0,80.0,Escritorios Associados,Contabil,24020-000,NITEROI,RJ
136440,das Neves,DAS NEVES LTDA,Ativo,2025-12-03 21:11:39.000000,2026-03-19 19:30:01.722833,Eqpto/Colab,Sim,80.0,20,0,5,0,0,10.0,10.0,Manufatura Sul,Industria,49010-000,ARACAJU,SE
177745,Carvalho,CARVALHO LTDA,Inativo,2023-05-01 05:31:40.000000,2026-03-19 19:30:01.722852,Horas,Sim,40.0,50,0,0,10,50,40.0,20.0,Escritorios Associados,Contabil,29010-000,VITORIA,ES
429667,da Costa - ME,DA COSTA - ME LTDA,Inativo,2023-05-23 12:07:30.000000,2026-03-19 19:30:01.722869,Eqpto/Colab,Rescindido,80.0,5,20,50,20,10,10.0,10.0,Tecnologia,Servicos,20010-000,RIO DE JANEIRO,RJ
445771,Azevedo,AZEVEDO LTDA,Inativo,2026-01-19 10:52:12.000000,2026-03-19 19:30:01.722886,Horas,Sim,80.0,20,0,0,0,0,0.0,10.0,Tecnologia,Servicos,18010-000,SOROCABA,SP
845103,Fonseca Ltda.,FONSECA LTDA. LTDA,Inativo,2023-08-15 11:23:46.000000,2026-03-19 19:30:01.722903,Eqpto/Colab,Não,10.0,10,5,5,5,5,40.0,0.0,Vendas Diretas,Varejo,44001-000,FEIRA DE SANTANA,BA
701176,Souza da Costa - EI,SOUZA DA COSTA - EI LTDA,Inativo,2025-07-25 08:54:22.000000,2026-03-19 19:30:01.722920,Chamado,Rescindido,40.0,5,5,50,50,10,10.0,80.0,Vendas Diretas,Varejo,70040-000,BRASILIA,DF
731564,Correia Cassiano - EI,CORREIA CASSIANO - EI LTDA,Inativo,2023-10-28 22:19:38.000000,2026-03-19 19:30:01.722939,Eqpto/Colab,Sim,0.0,10,0,5,50,5,10.0,20.0,Manufatura Sul,Industria,80010-000,CURITIBA,PR
375024,Dias - EI,DIAS - EI LTDA,Inativo,2023-11-08 21:01:40.000000,2026-03-19 19:30:01.722956,Chamado,Rescindido,40.0,50,50,5,10,50,0.0,0.0,Tecnologia,Servicos,58400-000,CAMPINA GRANDE,PB
758151,Guerra Barros S/A,GUERRA BARROS S/A LTDA,Ativo,2024-06-02 19:02:46.000000,2026-03-19 19:30:01.722973,Chamado,Rescindido,80.0,0,0,20,20,20,10.0,0.0,Escritorios Associados,Contabil,01001-000,SAO PAULO,SP
833412,Macedo S/A,MACEDO S/A LTDA,Ativo,2025-03-11 15:57:07.000000,2026-03-19 19:30:01.722991,Chamado,Não,0.0,50,0,0,20,10,80.0,10.0,Manufatura Sul,Industria,69301-000,BOA VISTA,RR
633615,Pereira,PEREIRA LTDA,Inativo,2024-05-09 03:44:43.000000,2026-03-19 19:30:01.723008,Chamado,Rescindido,10.0,0,20,10,5,10,10.0,40.0,Vendas Diretas,Varejo,78005-000,CUIABA,MT
323842,Caldeira,CALDEIRA LTDA,Inativo,2024-08-02 00:50:42.000000,2026-03-19 19:30:01.723027,Horas,Sim,80.0,50,10,0,50,50,10.0,40.0,Tecnologia,Servicos,95010-000,CAXIAS DO SUL,RS
473740,Casa Grande e Filhos,CASA GRANDE E FILHOS LTDA,Ativo,2024-03-14 02:45:19.000000,2026-03-19 19:30:01.723044,Horas,Sim,80.0,5,50,10,0,0,40.0,0.0,Vendas Diretas,Varejo,30110-000,BELO HORIZONTE,MG
233311,Cassiano Almeida - ME,CASSIANO ALMEIDA - ME LTDA,Ativo,2024-12-07 20:26:45.000000,2026-03-19 19:30:01.723062,Eqpto/Colab,Sim,0.0,20,0,20,50,5,40.0,20.0,Escritorios Associados,Contabil,76801-000,PORTO VELHO,RO
380736,Oliveira,OLIVEIRA LTDA,Inativo,2024-01-27 16:50:51.000000,2026-03-19 19:30:01.723079,Horas,Rescindido,0.0,0,20,5,10,50,20.0,40.0,Vendas Diretas,Varejo,69301-000,BOA VISTA,RR
510908,Vasconcelos,VASCONCELOS LTDA,Ativo,2025-05-11 14:05:10.000000,2026-03-19 19:30:01.723097,Chamado,Sim,80.0,10,50,0,50,5,0.0,80.0,Escritorios Associados,Contabil,74003-010,GOIANIA,GO
356028,Carvalho Ltda.,CARVALHO LTDA. LTDA,Ativo,2025-12-20 03:54:19.000000,2026-03-19 19:30:01.723114,Eqpto/Colab,Rescindido,10.0,5,5,50,10,50,20.0,0.0,Escritorios Associados,Contabil,56302-000,PETROLINA,PE
646039,Mendonca - ME,MENDONCA - ME LTDA,Ativo,2025-04-29 22:24:22.000000,2026-03-19 19:30:01.723132,Chamado,Sim,20.0,50,10,50,0,0,10.0,10.0,Escritorios Associados,Contabil,88010-000,FLORIANOPOLIS,SC
701085,Casa Grande,CASA GRANDE LTDA,Ativo,2024-10-18 11:02:30.000000,2026-03-19 19:30:01.723149,Eqpto/Colab,Sim,10.0,0,20,20,5,20,40.0,80.0,Vendas Diretas,Varejo,50010-000,RECIFE,PE
132679,Porto,PORTO LTDA,Inativo,2026-01-08 23:42:08.000000,2026-03-19 19:30:01.723168,Eqpto/Colab,Rescindido,10.0,20,10,5,0,5,40.0,10.0,Tecnologia,Servicos,56302-000,PETROLINA,PE
565539,Cunha Aparecida S/A,CUNHA APARECIDA S/A LTDA,Inativo,2024-02-02 22:36:13.000000,2026-03-19 19:30:01.723190,Chamado,Sim,40.0,0,20,0,20,10,10.0,40.0,Escritorios Associados,Contabil,39400-000,MONTES CLAROS,MG
199832,Brito,BRITO LTDA,Inativo,2025-11-26 05:31:35.000000,2026-03-19 19:30:01.723209,Eqpto/Colab,Rescindido,20.0,5,0,20,50,20,20.0,10.0,Escritorios Associados,Contabil,60010-000,FORTALEZA,CE
816730,Nogueira S.A.,NOGUEIRA S.A. LTDA,Ativo,2025-02-03 19:23:49.000000,2026-03-19 19:30:01.723227,Chamado,Sim,40.0,20,50,20,50,10,10.0,20.0,Tecnologia,Servicos,79002-000,CAMPO GRANDE,MS
238100,Souza,SOUZA LTDA,Inativo,2025-11-01 11:52:33.000000,2026-03-19 19:30:01.723245,Chamado,Rescindido,80.0,50,20,10,20,0,40.0,20.0,Tecnologia,Servicos,90010-000,PORTO ALEGRE,RS
310601,Sa,SA LTDA,Ativo,2024-09-20 02:15:29.000000,2026-03-19 19:30:01.723262,Chamado,Não,10.0,0,20,10,20,10,10.0,20.0,Vendas Diretas,Varejo,78005-000,CUIABA,MT
874767,Jesus,JESUS LTDA,Ativo,2025-11-03 23:46:54.000000,2026-03-19 19:30:01.723279,Chamado,Não,10.0,10,5,5,0,5,0.0,80.0,Manufatura Sul,Industria,79002-000,CAMPO GRANDE,MS
657309,Silva,SILVA LTDA,Inativo,2023-12-23 16:41:58.000000,2026-03-19 19:30:01.723296,Horas,Rescindido,80.0,20,50,10,20,50,0.0,40.0,Tecnologia,Servicos,56302-000,PETROLINA,PE
437084,Freitas,FREITAS LTDA,Ativo,2024-02-10 21:00:34.000000,2026-03-19 19:30:01.723313,Eqpto/Colab,Sim,40.0,20,5,0,20,50,80.0,40.0,Escritorios Associados,Contabil,63010-000,JUAZEIRO DO NORTE,CE
269341,Freitas,FREITAS LTDA,Ativo,2025-07-23 16:23:29.000000,2026-03-19 19:30:01.723330,Eqpto/Colab,Sim,10.0,10,50,0,50,50,80.0,10.0,Vendas Diretas,Varejo,50010-000,RECIFE,PE
203277,Moura,MOURA LTDA,Ativo,2024-03-10 09:00:56.000000,2026-03-19 19:30:01.723347,Chamado,Sim,10.0,20,20,0,5,20,20.0,80.0,Vendas Diretas,Varejo,57010-000,MACEIO,AL
631487,Fonseca Dias e Filhos,FONSECA DIAS E FILHOS LTDA,Inativo,2025-12-21 19:07:15.000000,2026-03-19 19:30:01.723366,Horas,Rescindido,10.0,5,50,5,0,50,80.0,0.0,Tecnologia,Servicos,77001-000,PALMAS,TO
416110,Martins S/A,MARTINS S/A LTDA,Ativo,2024-06-19 07:32:45.000000,2026-03-19 19:30:01.723386,Horas,Rescindido,10.0,0,20,10,50,0,0.0,80.0,Tecnologia,Servicos,60010-000,FORTALEZA,CE
548131,Carvalho Rodrigues S/A,CARVALHO RODRIGUES S/A LTDA,Ativo,2024-11-23 22:37:22.000000,2026-03-19 19:30:01.723404,Chamado,Não,80.0,5,50,5,20,0,10.0,40.0,Vendas Diretas,Varejo,66010-000,BELEM,PA
474210,Costa,COSTA LTDA,Inativo,2023-03-25 06:24:19.000000,2026-03-19 19:30:01.723421,Horas,Não,40.0,0,50,50,50,50,40.0,20.0,Escritorios Associados,Contabil,80010-000,CURITIBA,PR
252445,Sousa,SOUSA LTDA,Ativo,2025-07-01 06:29:01.000000,2026-03-19 19:30:01.723439,Chamado,Sim,40.0,10,10,50,5,50,20.0,0.0,Tecnologia,Servicos,63010-000,JUAZEIRO DO NORTE,CE
720909,Pereira,PEREIRA LTDA,Inativo,2023-10-12 14:23:48.000000,2026-03-19 19:30:01.723456,Horas,Sim,40.0,10,0,50,0,50,80.0,0.0,Escritorios Associados,Contabil,59010-000,NATAL,RN
431194,Silveira,SILVEIRA LTDA,Inativo,2023-09-03 23:33:29.000000,2026-03-19 19:30:01.723474,Eqpto/Colab,Rescindido,20.0,10,20,5,5,10,0.0,10.0,Vendas Diretas,Varejo,69900-000,RIO BRANCO,AC
390456,Albuquerque Lopes - ME,ALBUQUERQUE LOPES - ME LTDA,Ativo,2025-04-13 09:56:32.000000,2026-03-19 19:30:01.723491,Eqpto/Colab,Não,40.0,20,50,50,5,50,20.0,80.0,Tecnologia,Servicos,76801-000,PORTO VELHO,RO
641370,Viana,VIANA LTDA,Inativo,2023-09-08 05:38:40.000000,2026-03-19 19:30:01.723508,Eqpto/Colab,Não,40.0,50,50,10,20,20,80.0,20.0,Manufatura Sul,Industria,69005-000,MANAUS,AM
448660,Leao,LEAO LTDA,Inativo,2023-11-15 19:45:23.000000,2026-03-19 19:30:01.723525,Chamado,Sim,0.0,20,0,20,10,10,80.0,20.0,Escritorios Associados,Contabil,36010-000,JUIZ DE FORA,MG
447378,Cavalcanti,CAVALCANTI LTDA,Inativo,2024-04-29 19:06:44.000000,2026-03-19 19:30:01.723543,Eqpto/Colab,Sim,80.0,0,5,5,10,0,40.0,0.0,Vendas Diretas,Varejo,24020-000,NITEROI,RJ
566354,Cirino,CIRINO LTDA,Ativo,2025-05-15 23:11:26.000000,2026-03-19 19:30:01.723562,Eqpto/Colab,Sim,20.0,5,50,20,20,50,10.0,0.0,Vendas Diretas,Varejo,88010-000,FLORIANOPOLIS,SC
848251,Macedo Goncalves - EI,MACEDO GONCALVES - EI LTDA,Inativo,2024-02-24 11:17:56.000000,2026-03-19 19:30:01.723580,Horas,Sim,0.0,10,0,10,50,50,40.0,80.0,Escritorios Associados,Contabil,40010-000,SALVADOR,BA
174742,Moura Ltda.,MOURA LTDA. LTDA,Inativo,2024-11-21 18:57:57.000000,2026-03-19 19:30:01.723597,Chamado,Sim,10.0,20,20,20,10,10,40.0,10.0,Manufatura Sul,Industria,87013-000,MARINGA,PR
300556,Pinto,PINTO LTDA,Ativo,2023-10-23 11:31:24.000000,2026-03-19 19:30:01.723614,Horas,Sim,40.0,20,20,20,10,10,0.0,10.0,Tecnologia,Servicos,64000-000,TERESINA,PI
874517,da Cunha - ME,DA CUNHA - ME LTDA,Inativo,2023-04-26 21:15:05.000000,2026-03-19 19:30:01.723633,Horas,Não,10.0,50,10,5,10,50,80.0,80.0,Manufatura Sul,Industria,89010-000,BLUMENAU,SC
393681,Sousa Marques Ltda.,SOUSA MARQUES LTDA. LTDA,Inativo,2023-05-06 03:22:18.000000,2026-03-19 19:30:01.723651,Chamado,Não,20.0,10,0,0,10,50,80.0,0.0,Tecnologia,Servicos,89201-000,JOINVILLE,SC
163063,Alves e Filhos,ALVES E FILHOS LTDA,Ativo,2025-09-15 12:17:56.000000,2026-03-19 19:30:01.723668,Horas,Não,40.0,5,0,0,5,50,10.0,20.0,Vendas Diretas,Varejo,01001-000,SAO PAULO,SP
426050,Costa Azevedo S/A,COSTA AZEVEDO S/A LTDA,Ativo,2024-05-24 17:17:29.000000,2026-03-19 19:30:01.723685,Chamado,Rescindido,40.0,20,50,0,5,0,80.0,20.0,Tecnologia,Servicos,49010-000,ARACAJU,SE
456218,Freitas Silveira e Filhos,FREITAS SILVEIRA E FILHOS LTDA,Inativo,2025-12-28 13:24:35.000000,2026-03-19 19:30:01.723703,Horas,Sim,40.0,5,20,20,0,50,40.0,0.0,Escritorios Associados,Contabil,90010-000,PORTO ALEGRE,RS
159790,Pereira Siqueira S.A.,PEREIRA SIQUEIRA S.A. LTDA,Inativo,2024-09-29 13:03:48.000000,2026-03-19 19:30:01.723721,Eqpto/Colab,Não,20.0,5,5,5,10,5,0.0,80.0,Vendas Diretas,Varejo,50010-000,RECIFE,PE
854973,Novaes S/A,NOVAES S/A LTDA,Inativo,2024-09-09 03:48:42.000000,2026-03-19 19:30:01.723740,Chamado,Sim,10.0,50,10,20,10,10,10.0,20.0,Vendas Diretas,Varejo,13010-000,CAMPINAS,SP
461635,das Neves Araujo S/A,DAS NEVES ARAUJO S/A LTDA,Ativo,2026-01-19 23:12:57.000000,2026-03-19 19:30:01.723757,Horas,Rescindido,20.0,10,0,20,0,10,40.0,40.0,Tecnologia,Servicos,55002-000,CARUARU,PE
833635,Azevedo,AZEVEDO LTDA,Inativo,2025-08-23 05:10:02.000000,2026-03-19 19:30:01.723775,Eqpto/Colab,Rescindido,40.0,50,5,50,5,0,0.0,0.0,Tecnologia,Servicos,96010-000,PELOTAS,RS
129981,Cavalcanti,CAVALCANTI LTDA,Ativo,2024-10-16 17:22:09.000000,2026-03-19 19:30:01.723795,Chamado,Não,10.0,5,20,10,5,10,10.0,80.0,Escritorios Associados,Contabil,18010-000,SOROCABA,SP
473531,Monteiro,MONTEIRO LTDA,Ativo,2025-01-15 05:32:05.000000,2026-03-19 19:30:01.723813,Eqpto/Colab,Rescindido,10.0,50,20,20,10,5,10.0,80.0,Vendas Diretas,Varejo,13010-000,CAMPINAS,SP
139649,Caldeira S.A.,CALDEIRA S.A. LTDA,Inativo,2025-09-29 21:30:04.000000,2026-03-19 19:30:01.723831,Chamado,Sim,20.0,5,20,10,10,50,40.0,40.0,Tecnologia,Servicos,30110-000,BELO HORIZONTE,MG
493808,Marques,MARQUES LTDA,Ativo,2024-05-06 04:09:28.000000,2026-03-19 19:30:01.723848,Eqpto/Colab,Sim,10.0,10,0,0,50,5,20.0,10.0,Tecnologia,Servicos,77001-000,PALMAS,TO
690918,Dias e Filhos,DIAS E FILHOS LTDA,Ativo,2024-05-23 04:43:49.000000,2026-03-19 19:30:01.723867,Horas,Sim,40.0,50,20,0,20,50,20.0,40.0,Manufatura Sul,Industria,57010-000,MACEIO,AL
813410,Martins,MARTINS LTDA,Ativo,2025-10-22 09:13:13.000000,2026-03-19 19:30:01.723885,Horas,Sim,10.0,50,0,20,0,10,80.0,0.0,Manufatura Sul,Industria,44001-000,FEIRA DE SANTANA,BA
501244,Vargas,VARGAS LTDA,Inativo,2023-09-03 10:59:28.000000,2026-03-19 19:30:01.723901,Horas,Rescindido,0.0,0,10,50,5,5,40.0,0.0,Vendas Diretas,Varejo,15010-000,SAO JOSE DO RIO PRETO,SP
561160,Sampaio Albuquerque Ltda.,SAMPAIO ALBUQUERQUE LTDA. LTDA,Ativo,2025-05-24 07:19:53.000000,2026-03-19 19:30:01.723921,Eqpto/Colab,Não,10.0,0,20,0,5,5,80.0,80.0,Manufatura Sul,Industria,68900-000,MACAPA,AP
587307,Camargo,CAMARGO LTDA,Ativo,2025-07-10 20:52:07.000000,2026-03-19 19:30:01.723938,Eqpto/Colab,Sim,0.0,5,0,50,5,20,80.0,10.0,Tecnologia,Servicos,13010-000,CAMPINAS,SP
769799,Moraes,MORAES LTDA,Ativo,2024-09-09 15:07:14.000000,2026-03-19 19:30:01.723956,Chamado,Não,80.0,10,20,10,0,50,80.0,80.0,Escritorios Associados,Contabil,69005-000,MANAUS,AM
684693,Peixoto,PEIXOTO LTDA,Ativo,2024-12-29 12:10:50.000000,2026-03-19 19:30:01.723973,Chamado,Não,20.0,5,20,50,5,50,20.0,40.0,Tecnologia,Servicos,64000-000,TERESINA,PI
669507,Goncalves Ltda.,GONCALVES LTDA. LTDA,Ativo,2024-09-28 03:10:22.000000,2026-03-19 19:30:01.723991,Eqpto/Colab,Sim,40.0,10,5,20,20,5,0.0,0.0,Tecnologia,Servicos,88010-000,FLORIANOPOLIS,SC
306931,Oliveira Santos - ME,OLIVEIRA SANTOS - ME LTDA,Inativo,2024-08-12 06:07:27.000000,2026-03-19 19:30:01.724009,Horas,Rescindido,80.0,50,20,20,5,0,40.0,20.0,Tecnologia,Servicos,69005-000,MANAUS,AM
237329,Caldeira,CALDEIRA LTDA,Inativo,2026-01-31 12:26:52.000000,2026-03-19 19:30:01.724026,Chamado,Não,40.0,10,20,0,50,10,40.0,80.0,Escritorios Associados,Contabil,01001-000,SAO PAULO,SP
244082,Viana e Filhos,VIANA E FILHOS LTDA,Inativo,2024-08-20 13:22:58.000000,2026-03-19 19:30:01.724044,Horas,Sim,10.0,10,0,10,0,10,10.0,10.0,Escritorios Associados,Contabil,50010-000,RECIFE,PE
654900,Araujo S.A.,ARAUJO S.A. LTDA,Ativo,2025-01-27 17:33:27.000000,2026-03-19 19:30:01.724061,Chamado,Rescindido,80.0,20,0,5,10,5,20.0,0.0,Vendas Diretas,Varejo,89010-000,BLUMENAU,SC
797122,Sampaio,SAMPAIO LTDA,Inativo,2025-12-22 14:54:41.000000,2026-03-19 19:30:01.724081,Horas,Sim,20.0,5,50,5,5,5,10.0,10.0,Vendas Diretas,Varejo,68900-000,MACAPA,AP
531949,Farias S/A,FARIAS S/A LTDA,Ativo,2023-04-05 08:53:36.000000,2026-03-19 19:30:01.724100,Eqpto/Colab,Rescindido,20.0,20,0,50,20,5,40.0,80.0,Manufatura Sul,Industria,96010-000,PELOTAS,RS
252501,Machado,MACHADO LTDA,Inativo,2025-02-08 00:11:47.000000,2026-03-19 19:30:01.724120,Eqpto/Colab,Sim,0.0,20,10,20,20,10,80.0,10.0,Tecnologia,Servicos,58400-000,CAMPINA GRANDE,PB
304218,Sampaio,SAMPAIO LTDA,Inativo,2023-04-23 00:02:01.000000,2026-03-19 19:30:01.724138,Chamado,Rescindido,20.0,10,10,5,10,5,40.0,0.0,Tecnologia,Servicos,18010-000,SOROCABA,SP
550478,Novais,NOVAIS LTDA,Inativo,2026-01-17 07:20:15.000000,2026-03-19 19:30:01.724155,Horas,Não,40.0,5,5,10,5,0,20.0,0.0,Vendas Diretas,Varejo,79002-000,CAMPO GRANDE,MS
689915,Castro,CASTRO LTDA,Ativo,2025-03-27 10:13:41.000000,2026-03-19 19:30:01.724175,Eqpto/Colab,Rescindido,10.0,5,50,10,0,5,20.0,80.0,Vendas Diretas,Varejo,49010-000,ARACAJU,SE
804628,Farias Ltda.,FARIAS LTDA. LTDA,Ativo,2023-04-28 11:56:50.000000,2026-03-19 19:30:01.724198,Horas,Não,10.0,5,20,50,50,5,0.0,10.0,Escritorios Associados,Contabil,55002-000,CARUARU,PE
370879,Aparecida Albuquerque - EI,APARECIDA ALBUQUERQUE - EI LTDA,Ativo,2025-02-03 22:25:57.000000,2026-03-19 19:30:01.724228,Chamado,Sim,20.0,5,0,5,5,5,40.0,20.0,Escritorios Associados,Contabil,80010-000,CURITIBA,PR
394816,Pimenta,PIMENTA LTDA,Inativo,2024-05-09 16:31:07.000000,2026-03-19 19:30:01.724258,Chamado,Sim,20.0,20,5,10,50,20,20.0,20.0,Escritorios Associados,Contabil,78005-000,CUIABA,MT
886803,Fernandes,FERNANDES LTDA,Inativo,2025-08-18 00:00:23.000000,2026-03-19 19:30:01.724288,Chamado,Não,10.0,20,20,20,5,5,20.0,10.0,Escritorios Associados,Contabil,56302-000,PETROLINA,PE
848455,da Paz Ltda.,DA PAZ LTDA. LTDA,Inativo,2024-01-16 20:21:41.000000,2026-03-19 19:30:01.724320,Horas,Rescindido,80.0,0,5,10,50,0,10.0,0.0,Vendas Diretas,Varejo,87013-000,MARINGA,PR
411289,Camara,CAMARA LTDA,Ativo,2023-11-18 15:34:13.000000,2026-03-19 19:30:01.724346,Chamado,Não,0.0,0,10,5,0,20,80.0,40.0,Tecnologia,Servicos,80010-000,CURITIBA,PR
737399,Lima Andrade S/A,LIMA ANDRADE S/A LTDA,Inativo,2023-07-08 22:25:14.000000,2026-03-19 19:30:01.724365,Chamado,Rescindido,80.0,50,5,5,20,0,20.0,10.0,Vendas Diretas,Varejo,78005-000,CUIABA,MT
250538,Aragao - EI,ARAGAO - EI LTDA,Inativo,2023-12-29 16:48:39.000000,2026-03-19 19:30:01.724396,Chamado,Sim,40.0,20,20,50,50,20,40.0,0.0,Vendas Diretas,Varejo,60010-000,FORTALEZA,CE
737017,Fogaca,FOGACA LTDA,Ativo,2025-05-01 05:02:23.000000,2026-03-19 19:30:01.724428,Chamado,Sim,10.0,5,5,5,5,50,20.0,0.0,Escritorios Associados,Contabil,59010-000,NATAL,RN
724619,Siqueira,SIQUEIRA LTDA,Inativo,2024-05-30 18:46:10.000000,2026-03-19 19:30:01.724452,Eqpto/Colab,Rescindido,40.0,50,5,5,20,5,10.0,10.0,Vendas Diretas,Varejo,39400-000,MONTES CLAROS,MG
169382,Campos Novaes e Filhos,CAMPOS NOVAES E FILHOS LTDA,Ativo,2025-04-16 04:01:54.000000,2026-03-19 19:30:01.724470,Horas,Não,0.0,50,0,10,0,10,80.0,0.0,Escritorios Associados,Contabil,58400-000,CAMPINA GRANDE,PB
431029,da Paz,DA PAZ LTDA,Ativo,2024-02-17 06:23:42.000000,2026-03-19 19:30:01.724492,Chamado,Rescindido,40.0,50,20,20,5,20,40.0,20.0,Escritorios Associados,Contabil,69900-000,RIO BRANCO,AC
350851,Pires - ME,PIRES - ME LTDA,Ativo,2024-10-23 20:46:51.000000,2026-03-19 19:30:01.724520,Chamado,Rescindido,20.0,5,20,5,5,0,0.0,80.0,Vendas Diretas,Varejo,69900-000,RIO BRANCO,AC
260189,Pinto e Filhos,PINTO E FILHOS LTDA,Inativo,2024-12-16 04:10:46.000000,2026-03-19 19:30:01.724540,Horas,Não,40.0,50,50,5,5,5,40.0,0.0,Escritorios Associados,Contabil,38400-000,UBERLANDIA,MG
464343,Macedo Ribeiro e Filhos,MACEDO RIBEIRO E FILHOS LTDA,Ativo,2024-10-25 02:49:18.000000,2026-03-19 19:30:01.724560,Chamado,Rescindido,10.0,50,5,50,0,5,80.0,80.0,Vendas Diretas,Varejo,69301-000,BOA VISTA,RR
634397,Sampaio,SAMPAIO LTDA,Inativo,2026-02-01 08:12:33.000000,2026-03-19 19:30:01.724584,Horas,Sim,0.0,10,5,0,10,0,40.0,0.0,Vendas Diretas,Varejo,77001-000,PALMAS,TO
463458,Azevedo,AZEVEDO LTDA,Ativo,2024-09-12 16:56:18.000000,2026-03-19 19:30:01.724613,Chamado,Não,0.0,5,50,20,20,5,10.0,40.0,Tecnologia,Servicos,86010-000,LONDRINA,PR
322654,Sousa Cirino - EI,SOUSA CIRINO - EI LTDA,Ativo,2023-04-23 06:30:19.000000,2026-03-19 19:30:01.724632,Horas,Sim,0.0,10,5,0,0,50,80.0,80.0,Tecnologia,Servicos,66010-000,BELEM,PA
171226,Pires - ME,PIRES - ME LTDA,Ativo,2025-06-22 23:46:23.000000,2026-03-19 19:30:01.724664,Horas,Não,10.0,10,50,50,20,0,80.0,0.0,Vendas Diretas,Varejo,40010-000,SALVADOR,BA
739758,Lopes,LOPES LTDA,Ativo,2024-05-06 22:04:52.000000,2026-03-19 19:30:01.724706,Horas,Não,10.0,10,50,50,0,5,40.0,80.0,Escritorios Associados,Contabil,13010-000,CAMPINAS,SP
248084,Porto,PORTO LTDA,Ativo,2025-01-24 19:53:40.000000,2026-03-19 19:30:01.724734,Eqpto/Colab,Não,10.0,50,10,10,20,20,80.0,40.0,Vendas Diretas,Varejo,01001-000,SAO PAULO,SP
388203,Leao,LEAO LTDA,Inativo,2025-01-18 19:29:22.000000,2026-03-19 19:30:01.724752,Eqpto/Colab,Sim,80.0,10,10,5,20,5,0.0,80.0,Escritorios Associados,Contabil,20010-000,RIO DE JANEIRO,RJ
544610,Rodrigues - EI,RODRIGUES - EI LTDA,Ativo,2024-05-23 05:53:13.000000,2026-03-19 19:30:01.724770,Horas,Sim,0.0,10,5,50,50,10,0.0,20.0,Manufatura Sul,Industria,49010-000,ARACAJU,SE
618501,Alves,ALVES LTDA,Ativo,2023-10-31 12:58:31.000000,2026-03-19 19:30:01.724788,Eqpto/Colab,Não,20.0,20,20,5,0,50,80.0,20.0,Tecnologia,Servicos,57010-000,MACEIO,AL
315233,Camargo,CAMARGO LTDA,Inativo,2024-07-27 10:12:36.000000,2026-03-19 19:30:01.724806,Eqpto/Colab,Sim,10.0,5,0,5,0,10,10.0,40.0,Manufatura Sul,Industria,87013-000,MARINGA,PR
568044,Albuquerque Silveira - EI,ALBUQUERQUE SILVEIRA - EI LTDA,Inativo,2023-03-22 15:42:46.000000,2026-03-19 19:30:01.724826,Horas,Não,10.0,10,10,5,50,0,80.0,40.0,Manufatura Sul,Industria,78005-000,CUIABA,MT
199103,Vargas,VARGAS LTDA,Inativo,2025-09-10 14:42:25.000000,2026-03-19 19:30:01.724844,Horas,Não,0.0,0,5,5,10,50,40.0,0.0,Tecnologia,Servicos,56302-000,PETROLINA,PE
250645,Abreu Ribeiro S.A.,ABREU RIBEIRO S.A. LTDA,Inativo,2025-07-19 06:31:17.000000,2026-03-19 19:30:01.724861,Chamado,Não,40.0,0,50,5,5,20,10.0,80.0,Vendas Diretas,Varejo,18010-000,SOROCABA,SP
622149,Macedo,MACEDO LTDA,Inativo,2024-03-30 16:52:30.000000,2026-03-19 19:30:01.724881,Chamado,Sim,0.0,5,50,10,5,10,10.0,80.0,Manufatura Sul,Industria,79002-000,CAMPO GRANDE,MS
339373,da Mata,DA MATA LTDA,Ativo,2026-03-05 09:13:05.000000,2026-03-19 19:30:01.724901,Chamado,Não,40.0,0,10,0,10,5,20.0,80.0,Manufatura Sul,Industria,18010-000,SOROCABA,SP
555989,da Paz Martins Ltda.,DA PAZ MARTINS LTDA. LTDA,Inativo,2025-06-14 21:19:06.000000,2026-03-19 19:30:01.724919,Horas,Rescindido,10.0,0,10,50,50,10,80.0,20.0,Manufatura Sul,Industria,69900-000,RIO BRANCO,AC
854680,Leao,LEAO LTDA,Ativo,2025-08-24 00:13:24.000000,2026-03-19 19:30:01.724936,Horas,Não,80.0,50,20,0,50,20,0.0,10.0,Tecnologia,Servicos,95010-000,CAXIAS DO SUL,RS
540938,Lima Castro S.A.,LIMA CASTRO S.A. LTDA,Inativo,2023-05-02 21:27:04.000000,2026-03-19 19:30:01.724954,Eqpto/Colab,Rescindido,80.0,5,10,10,0,10,0.0,20.0,Manufatura Sul,Industria,86010-000,LONDRINA,PR
834841,Dias Sa S.A.,DIAS SA S.A. LTDA,Inativo,2025-03-07 21:55:51.000000,2026-03-19 19:30:01.724972,Eqpto/Colab,Sim,10.0,10,0,50,50,50,40.0,0.0,Tecnologia,Servicos,77001-000,PALMAS,TO
879343,Sampaio,SAMPAIO LTDA,Ativo,2024-03-14 22:42:29.000000,2026-03-19 19:30:01.724994,Horas,Não,0.0,20,50,20,50,10,0.0,80.0,Vendas Diretas,Varejo,77001-000,PALMAS,TO
181283,Carvalho Borges Ltda.,CARVALHO BORGES LTDA. LTDA,Ativo,2025-06-26 11:40:03.000000,2026-03-19 19:30:01.725029,Eqpto/Colab,Sim,20.0,5,20,20,10,20,0.0,20.0,Tecnologia,Servicos,12209-000,SAO JOSE DOS CAMPOS,SP
156766,Cirino Ltda.,CIRINO LTDA. LTDA,Ativo,2023-07-04 19:22:13.000000,2026-03-19 19:30:01.725067,Horas,Rescindido,20.0,50,5,0,5,5,40.0,80.0,Tecnologia,Servicos,58010-000,JOAO PESSOA,PB
738688,Fernandes Melo S.A.,FERNANDES MELO S.A. LTDA,Inativo,2024-01-31 10:00:37.000000,2026-03-19 19:30:01.725088,Horas,Não,10.0,0,20,50,0,0,80.0,40.0,Manufatura Sul,Industria,89010-000,BLUMENAU,SC
395432,Souza,SOUZA LTDA,Ativo,2025-02-13 10:43:29.000000,2026-03-19 19:30:01.725113,Horas,Rescindido,0.0,5,5,0,5,20,0.0,80.0,Escritorios Associados,Contabil,59010-000,NATAL,RN
762854,Souza,SOUZA LTDA,Ativo,2023-10-03 11:33:00.000000,2026-03-19 19:30:01.725138,Chamado,Não,80.0,5,5,5,50,10,0.0,20.0,Tecnologia,Servicos,49010-000,ARACAJU,SE
815486,Martins S/A,MARTINS S/A LTDA,Inativo,2023-06-13 09:29:21.000000,2026-03-19 19:30:01.725160,Eqpto/Colab,Rescindido,40.0,0,20,50,0,50,20.0,20.0,Vendas Diretas,Varejo,79002-000,CAMPO GRANDE,MS
527666,Gomes,GOMES LTDA,Ativo,2024-11-14 07:55:08.000000,2026-03-19 19:30:01.725198,Horas,Sim,10.0,5,10,0,10,5,40.0,80.0,Vendas Diretas,Varejo,63010-000,JUAZEIRO DO NORTE,CE
302882,Vargas Camargo Ltda.,VARGAS CAMARGO LTDA. LTDA,Ativo,2025-09-29 00:59:02.000000,2026-03-19 19:30:01.725236,Chamado,Sim,0.0,0,5,50,5,5,10.0,0.0,Manufatura Sul,Industria,39400-000,MONTES CLAROS,MG
629135,Fonseca Sousa S.A.,FONSECA SOUSA S.A. LTDA,Ativo,2024-08-15 11:00:56.000000,2026-03-19 19:30:01.725271,Horas,Rescindido,40.0,5,20,5,20,20,0.0,40.0,Manufatura Sul,Industria,78005-000,CUIABA,MT
312204,Freitas Rios Ltda.,FREITAS RIOS LTDA. LTDA,Inativo,2024-01-11 17:24:21.000000,2026-03-19 19:30:01.725299,Eqpto/Colab,Rescindido,80.0,0,50,20,0,5,10.0,0.0,Manufatura Sul,Industria,69005-000,MANAUS,AM
567757,Melo,MELO LTDA,Ativo,2023-04-05 03:44:08.000000,2026-03-19 19:30:01.725326,Chamado,Sim,40.0,5,5,5,5,0,40.0,40.0,Tecnologia,Servicos,62010-000,SOBRAL,CE
514857,Pimenta,PIMENTA LTDA,Ativo,2023-03-20 21:16:26.000000,2026-03-19 19:30:01.725348,Chamado,Não,10.0,0,20,50,5,0,40.0,0.0,Manufatura Sul,Industria,18010-000,SOROCABA,SP
366125,das Neves,DAS NEVES LTDA,Inativo,2023-05-31 03:33:40.000000,2026-03-19 19:30:01.725371,Horas,Sim,20.0,50,0,50,0,5,10.0,40.0,Tecnologia,Servicos,13010-000,CAMPINAS,SP
150912,Vasconcelos - ME,VASCONCELOS - ME LTDA,Inativo,2023-04-21 08:17:18.000000,2026-03-19 19:30:01.725389,Eqpto/Colab,Rescindido,10.0,10,0,50,10,10,10.0,20.0,Manufatura Sul,Industria,24020-000,NITEROI,RJ
661464,Vieira,VIEIRA LTDA,Ativo,2026-02-24 04:45:14.000000,2026-03-19 19:30:01.725408,Eqpto/Colab,Rescindido,80.0,20,50,50,0,10,80.0,20.0,Tecnologia,Servicos,55002-000,CARUARU,PE
405838,Porto S/A,PORTO S/A LTDA,Ativo,2025-04-29 16:14:42.000000,2026-03-19 19:30:01.725429,Horas,Rescindido,0.0,5,50,10,50,50,40.0,10.0,Tecnologia,Servicos,50010-000,RECIFE,PE
588874,Jesus,JESUS LTDA,Inativo,2024-08-02 07:22:03.000000,2026-03-19 19:30:01.725454,Horas,Sim,80.0,10,5,50,5,50,10.0,10.0,Vendas Diretas,Varejo,76801-000,PORTO VELHO,RO
114912,Santos,SANTOS LTDA,Ativo,2025-01-06 19:35:16.000000,2026-03-19 19:30:01.725473,Chamado,Sim,80.0,50,5,20,20,50,10.0,10.0,Tecnologia,Servicos,89201-000,JOINVILLE,SC
532103,da Mata Ltda.,DA MATA LTDA. LTDA,Inativo,2024-08-31 02:41:35.000000,2026-03-19 19:30:01.725492,Horas,Sim,20.0,20,50,0,5,10,40.0,0.0,Vendas Diretas,Varejo,89201-000,JOINVILLE,SC
459641,Costa,COSTA LTDA,Ativo,2023-08-15 10:17:14.000000,2026-03-19 19:30:01.725522,Horas,Não,0.0,10,0,50,10,50,40.0,20.0,Manufatura Sul,Industria,36010-000,JUIZ DE FORA,MG
252062,Aragao,ARAGAO LTDA,Ativo,2023-07-02 06:47:20.000000,2026-03-19 19:30:01.725555,Chamado,Rescindido,10.0,5,10,0,0,20,40.0,40.0,Manufatura Sul,Industria,80010-000,CURITIBA,PR
486650,Fogaca Mendes S/A,FOGACA MENDES S/A LTDA,Inativo,2025-09-29 12:51:06.000000,2026-03-19 19:30:01.725583,Chamado,Não,10.0,20,5,50,20,0,10.0,80.0,Escritorios Associados,Contabil,69900-000,RIO BRANCO,AC
185617,Moura,MOURA LTDA,Inativo,2023-09-16 14:20:14.000000,2026-03-19 19:30:01.725615,Eqpto/Colab,Rescindido,10.0,20,10,20,10,10,40.0,20.0,Vendas Diretas,Varejo,11010-000,SANTOS,SP
317268,da Paz Alves - EI,DA PAZ ALVES - EI LTDA,Ativo,2023-06-07 07:16:29.000000,2026-03-19 19:30:01.725649,Horas,Sim,80.0,20,10,50,20,10,20.0,40.0,Escritorios Associados,Contabil,95010-000,CAXIAS DO SUL,RS
156088,Pimenta,PIMENTA LTDA,Inativo,2024-01-27 19:07:55.000000,2026-03-19 19:30:01.725685,Horas,Sim,20.0,50,5,50,10,10,80.0,10.0,Manufatura Sul,Industria,69005-000,MANAUS,AM
227446,Silva,SILVA LTDA,Ativo,2023-11-07 01:56:29.000000,2026-03-19 19:30:01.725708,Chamado,Sim,40.0,5,10,10,10,0,40.0,10.0,Manufatura Sul,Industria,89010-000,BLUMENAU,SC
429706,Cavalcanti Castro S.A.,CAVALCANTI CASTRO S.A. LTDA,Inativo,2024-05-21 17:35:32.000000,2026-03-19 19:30:01.725728,Chamado,Não,80.0,10,20,0,20,5,0.0,40.0,Vendas Diretas,Varejo,64000-000,TERESINA,PI
665899,Jesus Machado Ltda.,JESUS MACHADO LTDA. LTDA,Inativo,2025-09-20 12:36:08.000000,2026-03-19 19:30:01.725750,Horas,Sim,20.0,0,0,10,50,20,0.0,0.0,Vendas Diretas,Varejo,95010-000,CAXIAS DO SUL,RS
518243,Costa Gomes - ME,COSTA GOMES - ME LTDA,Ativo,2025-04-30 15:16:16.000000,2026-03-19 19:30:01.725785,Chamado,Não,40.0,0,0,0,50,5,0.0,10.0,Manufatura Sul,Industria,20010-000,RIO DE JANEIRO,RJ
769147,Silveira,SILVEIRA LTDA,Inativo,2024-09-28 16:55:59.000000,2026-03-19 19:30:01.725817,Chamado,Sim,0.0,50,50,50,10,10,0.0,0.0,Tecnologia,Servicos,44001-000,FEIRA DE SANTANA,BA
269996,Pires Barbosa S.A.,PIRES BARBOSA S.A. LTDA,Ativo,2023-03-22 22:14:57.000000,2026-03-19 19:30:01.725842,Horas,Não,10.0,5,20,10,50,50,10.0,0.0,Vendas Diretas,Varejo,90010-000,PORTO ALEGRE,RS
101042,da Rosa,DA ROSA LTDA,Inativo,2026-03-06 01:15:23.000000,2026-03-19 19:30:01.725869,Horas,Não,40.0,20,50,10,20,0,80.0,80.0,Escritorios Associados,Contabil,69301-000,BOA VISTA,RR
388881,Peixoto e Filhos,PEIXOTO E FILHOS LTDA,Ativo,2025-06-03 23:57:00.000000,2026-03-19 19:30:01.725890,Horas,Não,40.0,0,5,20,50,5,0.0,10.0,Tecnologia,Servicos,65010-000,SAO LUIS,MA
711931,Souza,SOUZA LTDA,Ativo,2024-10-13 09:54:28.000000,2026-03-19 19:30:01.725910,Chamado,Sim,10.0,20,50,0,10,10,0.0,40.0,Manufatura Sul,Industria,59010-000,NATAL,RN
354106,Macedo Correia - EI,MACEDO CORREIA - EI LTDA,Ativo,2023-12-13 18:38:58.000000,2026-03-19 19:30:01.725942,Horas,Não,10.0,5,0,0,5,50,10.0,20.0,Escritorios Associados,Contabil,79002-000,CAMPO GRANDE,MS
755877,Montenegro - EI,MONTENEGRO - EI LTDA,Inativo,2025-08-10 10:33:29.000000,2026-03-19 19:30:01.725966,Chamado,Rescindido,20.0,5,10,50,10,5,10.0,40.0,Vendas Diretas,Varejo,24020-000,NITEROI,RJ
398660,Teixeira - ME,TEIXEIRA - ME LTDA,Ativo,2025-08-14 02:07:27.000000,2026-03-19 19:30:01.725990,Chamado,Não,80.0,5,20,20,50,20,10.0,80.0,Tecnologia,Servicos,13010-000,CAMPINAS,SP
361499,Porto,PORTO LTDA,Inativo,2024-06-06 07:17:22.000000,2026-03-19 19:30:01.726023,Horas,Sim,80.0,20,20,5,0,20,40.0,40.0,Vendas Diretas,Varejo,89010-000,BLUMENAU,SC
388087,Moraes Ltda.,MORAES LTDA. LTDA,Ativo,2023-05-13 13:10:17.000000,2026-03-19 19:30:01.726044,Eqpto/Colab,Não,40.0,20,0,20,0,10,40.0,20.0,Escritorios Associados,Contabil,86010-000,LONDRINA,PR
815451,Pinto Costela S.A.,PINTO COSTELA S.A. LTDA,Inativo,2024-11-24 12:37:08.000000,2026-03-19 19:30:01.726062,Eqpto/Colab,Rescindido,80.0,10,5,5,50,5,0.0,10.0,Tecnologia,Servicos,68900-000,MACAPA,AP
770615,Andrade - ME,ANDRADE - ME LTDA,Inativo,2026-02-05 14:54:40.000000,2026-03-19 19:30:01.726092,Eqpto/Colab,Não,10.0,5,10,10,50,10,0.0,0.0,Tecnologia,Servicos,57010-000,MACEIO,AL
806087,Rocha Marques - ME,ROCHA MARQUES - ME LTDA,Inativo,2024-10-16 17:32:12.000000,2026-03-19 19:30:01.726119,Chamado,Sim,10.0,5,10,5,20,50,80.0,10.0,Vendas Diretas,Varejo,69900-000,RIO BRANCO,AC
602313,Montenegro Rocha S/A,MONTENEGRO ROCHA S/A LTDA,Ativo,2025-10-14 17:32:40.000000,2026-03-19 19:30:01.726142,Horas,Rescindido,80.0,50,0,20,20,20,80.0,40.0,Tecnologia,Servicos,96010-000,PELOTAS,RS
765935,Caldeira,CALDEIRA LTDA,Ativo,2025-01-02 14:10:42.000000,2026-03-19 19:30:01.726162,Horas,Não,80.0,5,0,5,50,0,40.0,80.0,Manufatura Sul,Industria,40010-000,SALVADOR,BA
201170,Siqueira Cardoso - ME,SIQUEIRA CARDOSO - ME LTDA,Ativo,2025-08-18 19:24:16.000000,2026-03-19 19:30:01.726196,Eqpto/Colab,Rescindido,10.0,50,10,10,50,20,80.0,80.0,Manufatura Sul,Industria,39400-000,MONTES CLAROS,MG
759389,Garcia,GARCIA LTDA,Ativo,2024-06-05 10:43:17.000000,2026-03-19 19:30:01.726227,Horas,Sim,40.0,50,10,5,50,50,0.0,40.0,Manufatura Sul,Industria,87013-000,MARINGA,PR
718277,Campos,CAMPOS LTDA,Ativo,2024-09-12 04:25:34.000000,2026-03-19 19:30:01.726253,Horas,Sim,10.0,0,0,10,0,0,20.0,20.0,Escritorios Associados,Contabil,58010-000,JOAO PESSOA,PB
465400,Garcia Cassiano S.A.,GARCIA CASSIANO S.A. LTDA,Inativo,2024-03-02 15:39:02.000000,2026-03-19 19:30:01.726281,Eqpto/Colab,Sim,80.0,10,50,50,10,5,80.0,40.0,Manufatura Sul,Industria,29010-000,VITORIA,ES
802429,Pacheco Moraes - EI,PACHECO MORAES - EI LTDA,Inativo,2025-08-18 10:02:12.000000,2026-03-19 19:30:01.726312,Chamado,Não,10.0,50,0,5,20,50,20.0,40.0,Vendas Diretas,Varejo,78005-000,CUIABA,MT
585169,Martins,MARTINS LTDA,Inativo,2025-03-14 10:43:22.000000,2026-03-19 19:30:01.726342,Chamado,Rescindido,20.0,50,20,10,5,20,20.0,0.0,Tecnologia,Servicos,80010-000,CURITIBA,PR
658470,Mendes e Filhos,MENDES E FILHOS LTDA,Ativo,2024-10-26 01:39:05.000000,2026-03-19 19:30:01.726376,Eqpto/Colab,Sim,10.0,20,50,0,5,5,40.0,0.0,Vendas Diretas,Varejo,63010-000,JUAZEIRO DO NORTE,CE
622983,da Rocha e Filhos,DA ROCHA E FILHOS LTDA,Inativo,2024-02-15 15:28:12.000000,2026-03-19 19:30:01.726407,Chamado,Não,10.0,50,20,50,10,10,0.0,40.0,Escritorios Associados,Contabil,89010-000,BLUMENAU,SC
573444,Pimenta Ltda.,PIMENTA LTDA. LTDA,Inativo,2024-12-09 16:26:36.000000,2026-03-19 19:30:01.726444,Chamado,Sim,10.0,5,0,10,10,10,0.0,40.0,Manufatura Sul,Industria,69900-000,RIO BRANCO,AC
663024,Brito S.A.,BRITO S.A. LTDA,Inativo,2024-09-04 06:26:00.000000,2026-03-19 19:30:01.726484,Eqpto/Colab,Rescindido,0.0,0,0,0,50,0,20.0,0.0,Vendas Diretas,Varejo,01001-000,SAO PAULO,SP
138347,Montenegro,MONTENEGRO LTDA,Inativo,2024-08-07 09:13:34.000000,2026-03-19 19:30:01.726506,Eqpto/Colab,Rescindido,0.0,5,10,10,0,0,80.0,0.0,Vendas Diretas,Varejo,87013-000,MARINGA,PR
823676,Fonseca,FONSECA LTDA,Ativo,2023-05-05 14:53:54.000000,2026-03-19 19:30:01.726528,Horas,Rescindido,10.0,20,5,50,0,20,40.0,20.0,Manufatura Sul,Industria,12209-000,SAO JOSE DOS CAMPOS,SP
161554,Sales Sa e Filhos,SALES SA E FILHOS LTDA,Inativo,2023-10-21 11:41:16.000000,2026-03-19 19:30:01.726547,Chamado,Rescindido,0.0,20,20,5,20,20,10.0,20.0,Tecnologia,Servicos,69301-000,BOA VISTA,RR
387362,Andrade e Filhos,ANDRADE E FILHOS LTDA,Ativo,2023-10-23 23:46:05.000000,2026-03-19 19:30:01.726566,Chamado,Não,80.0,5,10,0,10,0,80.0,0.0,Vendas Diretas,Varejo,76801-000,PORTO VELHO,RO
710870,Jesus Ltda.,JESUS LTDA. LTDA,Ativo,2025-07-06 04:22:06.000000,2026-03-19 19:30:01.726585,Eqpto/Colab,Sim,80.0,5,0,50,5,5,10.0,40.0,Manufatura Sul,Industria,77001-000,PALMAS,TO
227036,Monteiro Abreu Ltda.,MONTEIRO ABREU LTDA. LTDA,Inativo,2024-11-12 01:27:54.000000,2026-03-19 19:30:01.726604,Eqpto/Colab,Rescindido,10.0,50,10,10,10,50,80.0,10.0,Tecnologia,Servicos,63010-000,JUAZEIRO DO NORTE,CE
600114,Rezende - EI,REZENDE - EI LTDA,Ativo,2023-09-11 06:30:13.000000,2026-03-19 19:30:01.726625,Chamado,Sim,80.0,5,20,10,0,10,80.0,80.0,Manufatura Sul,Industria,36010-000,JUIZ DE FORA,MG
776096,Brito da Luz - EI,BRITO DA LUZ - EI LTDA,Ativo,2024-06-14 12:56:38.000000,2026-03-19 19:30:01.726646,Horas,Rescindido,10.0,50,10,20,20,5,0.0,80.0,Vendas Diretas,Varejo,69005-000,MANAUS,AM
884476,Garcia,GARCIA LTDA,Inativo,2023-06-03 05:39:44.000000,2026-03-19 19:30:01.726667,Eqpto/Colab,Não,80.0,5,0,0,50,10,40.0,20.0,Escritorios Associados,Contabil,74003-010,GOIANIA,GO
582138,Pires,PIRES LTDA,Ativo,2025-05-22 18:53:24.000000,2026-03-19 19:30:01.726685,Horas,Não,80.0,10,0,50,5,50,40.0,20.0,Manufatura Sul,Industria,76801-000,PORTO VELHO,RO
230212,Nogueira,NOGUEIRA LTDA,Inativo,2024-05-22 08:42:49.000000,2026-03-19 19:30:01.726703,Eqpto/Colab,Sim,20.0,20,50,20,10,20,40.0,10.0,Tecnologia,Servicos,57010-000,MACEIO,AL
132851,Fogaca,FOGACA LTDA,Inativo,2025-01-17 11:04:32.000000,2026-03-19 19:30:01.726721,Eqpto/Colab,Não,40.0,10,10,5,0,50,20.0,20.0,Tecnologia,Servicos,86010-000,LONDRINA,PR
370129,Nunes e Filhos,NUNES E FILHOS LTDA,Inativo,2025-05-11 22:18:21.000000,2026-03-19 19:30:01.726740,Horas,Sim,20.0,20,20,20,5,20,20.0,80.0,Tecnologia,Servicos,63010-000,JUAZEIRO DO NORTE,CE
700289,Pimenta,PIMENTA LTDA,Inativo,2024-02-05 19:13:22.000000,2026-03-19 19:30:01.726758,Eqpto/Colab,Rescindido,40.0,50,50,10,0,20,80.0,20.0,Vendas Diretas,Varejo,15010-000,SAO JOSE DO RIO PRETO,SP
732317,Pacheco Fernandes e Filhos,PACHECO FERNANDES E FILHOS LTDA,Inativo,2024-08-19 00:45:41.000000,2026-03-19 19:30:01.726776,Chamado,Sim,40.0,50,5,5,10,5,20.0,80.0,Vendas Diretas,Varejo,66010-000,BELEM,PA
283899,Castro,CASTRO LTDA,Inativo,2024-05-04 09:03:50.000000,2026-03-19 19:30:01.726797,Chamado,Não,10.0,10,0,5,5,0,80.0,10.0,Vendas Diretas,Varejo,89201-000,JOINVILLE,SC
492555,Aparecida Ferreira S/A,APARECIDA FERREIRA S/A LTDA,Inativo,2023-08-18 06:50:33.000000,2026-03-19 19:30:01.726817,Eqpto/Colab,Não,20.0,10,0,20,0,10,80.0,40.0,Tecnologia,Servicos,60010-000,FORTALEZA,CE
417990,Nunes,NUNES LTDA,Inativo,2025-07-14 19:20:03.000000,2026-03-19 19:30:01.726837,Horas,Rescindido,20.0,20,20,10,5,50,10.0,20.0,Vendas Diretas,Varejo,90010-000,PORTO ALEGRE,RS
312672,da Cruz - ME,DA CRUZ - ME LTDA,Inativo,2026-01-01 12:17:05.000000,2026-03-19 19:30:01.726856,Chamado,Não,20.0,10,10,20,10,0,40.0,10.0,Vendas Diretas,Varejo,58400-000,CAMPINA GRANDE,PB
408827,Pastor,PASTOR LTDA,Inativo,2023-08-14 23:46:24.000000,2026-03-19 19:30:01.726874,Chamado,Sim,0.0,5,5,0,20,0,80.0,10.0,Escritorios Associados,Contabil,38400-000,UBERLANDIA,MG
478129,Marques,MARQUES LTDA,Ativo,2023-04-18 10:47:08.000000,2026-03-19 19:30:01.726895,Eqpto/Colab,Sim,40.0,5,50,20,50,10,80.0,0.0,Tecnologia,Servicos,66010-000,BELEM,PA
712472,Peixoto,PEIXOTO LTDA,Ativo,2023-11-14 05:04:32.000000,2026-03-19 19:30:01.726930,Horas,Não,40.0,20,10,50,10,50,80.0,10.0,Tecnologia,Servicos,63010-000,JUAZEIRO DO NORTE,CE
296274,Cirino S/A,CIRINO S/A LTDA,Ativo,2023-08-02 16:22:23.000000,2026-03-19 19:30:01.726962,Horas,Sim,40.0,5,0,20,5,0,20.0,0.0,Tecnologia,Servicos,63010-000,JUAZEIRO DO NORTE,CE
219810,Jesus,JESUS LTDA,Inativo,2023-12-17 20:16:45.000000,2026-03-19 19:30:01.726994,Horas,Sim,20.0,0,0,0,0,0,0.0,0.0,Tecnologia,Servicos,40010-000,SALVADOR,BA
732805,Teixeira,TEIXEIRA LTDA,Ativo,2025-03-23 02:04:12.000000,2026-03-19 19:30:01.727016,Eqpto/Colab,Rescindido,80.0,0,5,20,5,5,10.0,80.0,Escritorios Associados,Contabil,36010-000,JUIZ DE FORA,MG
284198,Cardoso,CARDOSO LTDA,Inativo,2025-09-19 05:57:09.000000,2026-03-19 19:30:01.727042,Eqpto/Colab,Não,20.0,50,20,0,50,5,10.0,10.0,Tecnologia,Servicos,24020-000,NITEROI,RJ
436049,Rodrigues,RODRIGUES LTDA,Ativo,2025-11-29 18:11:09.000000,2026-03-19 19:30:01.727065,Eqpto/Colab,Não,10.0,50,50,10,20,10,20.0,0.0,Tecnologia,Servicos,39400-000,MONTES CLAROS,MG
339797,da Luz,DA LUZ LTDA,Ativo,2024-04-09 05:16:08.000000,2026-03-19 19:30:01.727089,Eqpto/Colab,Rescindido,40.0,20,0,0,0,10,80.0,20.0,Escritorios Associados,Contabil,24020-000,NITEROI,RJ
815634,Viana,VIANA LTDA,Inativo,2024-02-01 22:57:08.000000,2026-03-19 19:30:01.727109,Eqpto/Colab,Rescindido,20.0,5,50,50,0,0,80.0,20.0,Manufatura Sul,Industria,88010-000,FLORIANOPOLIS,SC
480834,Moura,MOURA LTDA,Inativo,2024-02-27 04:55:41.000000,2026-03-19 19:30:01.727128,Chamado,Rescindido,0.0,20,10,50,20,5,10.0,0.0,Manufatura Sul,Industria,99010-000,PASSO FUNDO,RS
217065,Cirino,CIRINO LTDA,Inativo,2024-12-15 08:41:15.000000,2026-03-19 19:30:01.727147,Eqpto/Colab,Não,10.0,20,20,50,0,0,80.0,0.0,Tecnologia,Servicos,14010-000,RIBEIRAO PRETO,SP
767840,Silva e Filhos,SILVA E FILHOS LTDA,Ativo,2026-01-10 09:22:04.000000,2026-03-19 19:30:01.727166,Chamado,Sim,10.0,20,5,5,20,20,40.0,40.0,Vendas Diretas,Varejo,39400-000,MONTES CLAROS,MG
430517,Borges Freitas - ME,BORGES FREITAS - ME LTDA,Inativo,2023-06-07 17:43:14.000000,2026-03-19 19:30:01.727223,Chamado,Não,80.0,10,0,5,50,0,10.0,0.0,Manufatura Sul,Industria,89201-000,JOINVILLE,SC
626239,Albuquerque,ALBUQUERQUE LTDA,Inativo,2024-02-16 23:36:33.000000,2026-03-19 19:30:01.727264,Horas,Rescindido,0.0,50,0,20,10,50,40.0,80.0,Tecnologia,Servicos,44001-000,FEIRA DE SANTANA,BA
657808,Peixoto,PEIXOTO LTDA,Inativo,2023-10-27 13:11:13.000000,2026-03-19 19:30:01.727286,Horas,Não,0.0,5,20,50,10,10,0.0,10.0,Vendas Diretas,Varejo,79002-000,CAMPO GRANDE,MS
523615,Mendonca Costela Ltda.,MENDONCA COSTELA LTDA. LTDA,Ativo,2024-05-24 05:09:44.000000,2026-03-19 19:30:01.727309,Chamado,Rescindido,10.0,0,0,50,5,20,80.0,10.0,Tecnologia,Servicos,36010-000,JUIZ DE FORA,MG
851594,da Luz Cunha - EI,DA LUZ CUNHA - EI LTDA,Ativo,2025-11-27 00:09:31.000000,2026-03-19 19:30:01.727332,Chamado,Não,40.0,10,5,10,5,5,0.0,20.0,Tecnologia,Servicos,13010-000,CAMPINAS,SP
299759,Novais S/A,NOVAIS S/A LTDA,Ativo,2024-12-24 23:03:46.000000,2026-03-19 19:30:01.727351,Chamado,Rescindido,0.0,20,10,0,20,50,10.0,20.0,Manufatura Sul,Industria,59010-000,NATAL,RN
531491,Sales,SALES LTDA,Inativo,2024-08-02 01:50:20.000000,2026-03-19 19:30:01.727370,Eqpto/Colab,Sim,80.0,0,5,5,10,50,20.0,0.0,Tecnologia,Servicos,58010-000,JOAO PESSOA,PB
198929,Nogueira Pinto S.A.,NOGUEIRA PINTO S.A. LTDA,Inativo,2026-01-19 10:59:21.000000,2026-03-19 19:30:01.727390,Horas,Não,0.0,20,0,5,20,5,10.0,40.0,Escritorios Associados,Contabil,76801-000,PORTO VELHO,RO
858640,Cavalcanti - EI,CAVALCANTI - EI LTDA,Ativo,2024-06-12 10:21:07.000000,2026-03-19 19:30:01.727408,Horas,Sim,80.0,10,20,0,50,50,40.0,80.0,Manufatura Sul,Industria,89010-000,BLUMENAU,SC
841604,Gomes - ME,GOMES - ME LTDA,Inativo,2025-04-14 15:55:52.000000,2026-03-19 19:30:01.727427,Chamado,Sim,20.0,20,20,0,50,50,80.0,20.0,Tecnologia,Servicos,60010-000,FORTALEZA,CE
800203,Castro,CASTRO LTDA,Ativo,2023-08-21 12:06:24.000000,2026-03-19 19:30:01.727446,Chamado,Não,20.0,5,0,50,10,50,10.0,40.0,Tecnologia,Servicos,89201-000,JOINVILLE,SC
560924,Carvalho e Filhos,CARVALHO E FILHOS LTDA,Ativo,2025-11-24 23:58:13.000000,2026-03-19 19:30:01.727465,Chamado,Rescindido,40.0,50,10,10,50,0,40.0,20.0,Tecnologia,Servicos,76801-000,PORTO VELHO,RO
327877,Moraes - ME,MORAES - ME LTDA,Inativo,2025-07-25 01:32:07.000000,2026-03-19 19:30:01.727483,Horas,Não,0.0,20,20,10,20,0,20.0,20.0,Escritorios Associados,Contabil,89201-000,JOINVILLE,SC
789471,Goncalves,GONCALVES LTDA,Inativo,2025-12-09 09:24:46.000000,2026-03-19 19:30:01.727504,Horas,Sim,10.0,5,50,20,0,5,40.0,20.0,Escritorios Associados,Contabil,60010-000,FORTALEZA,CE
257708,Araujo Moreira - EI,ARAUJO MOREIRA - EI LTDA,Ativo,2026-03-08 02:44:34.000000,2026-03-19 19:30:01.727525,Eqpto/Colab,Rescindido,10.0,20,50,10,5,50,10.0,20.0,Vendas Diretas,Varejo,11010-000,SANTOS,SP
227440,Sampaio S/A,SAMPAIO S/A LTDA,Inativo,2025-11-26 18:33:46.000000,2026-03-19 19:30:01.727544,Eqpto/Colab,Não,0.0,10,0,20,5,10,80.0,20.0,Manufatura Sul,Industria,13010-000,CAMPINAS,SP
486764,Siqueira Aparecida - EI,SIQUEIRA APARECIDA - EI LTDA,Ativo,2025-06-26 02:40:39.000000,2026-03-19 19:30:01.727563,Horas,Não,10.0,5,10,50,5,10,20.0,20.0,Manufatura Sul,Industria,11010-000,SANTOS,SP
336271,Sampaio,SAMPAIO LTDA,Inativo,2025-06-18 10:50:27.000000,2026-03-19 19:30:01.727593,Chamado,Sim,20.0,0,50,20,50,5,20.0,40.0,Manufatura Sul,Industria,64000-000,TERESINA,PI
398851,Lima,LIMA LTDA,Ativo,2023-11-08 07:13:34.000000,2026-03-19 19:30:01.727613,Chamado,Não,20.0,0,20,0,50,50,0.0,10.0,Tecnologia,Servicos,96010-000,PELOTAS,RS
356741,Sa,SA LTDA,Ativo,2025-12-03 10:01:24.000000,2026-03-19 19:30:01.727643,Eqpto/Colab,Rescindido,10.0,0,50,10,20,20,10.0,80.0,Vendas Diretas,Varejo,69900-000,RIO BRANCO,AC
530675,Ribeiro,RIBEIRO LTDA,Ativo,2025-02-19 05:26:43.000000,2026-03-19 19:30:01.727666,Chamado,Rescindido,40.0,50,5,20,10,0,10.0,0.0,Manufatura Sul,Industria,29010-000,VITORIA,ES
578797,Pires Campos - EI,PIRES CAMPOS - EI LTDA,Ativo,2023-08-28 14:47:22.000000,2026-03-19 19:30:01.727684,Chamado,Não,80.0,50,10,5,20,0,10.0,80.0,Tecnologia,Servicos,49010-000,ARACAJU,SE
821638,Vargas S/A,VARGAS S/A LTDA,Inativo,2025-04-30 09:40:24.000000,2026-03-19 19:30:01.727702,Horas,Sim,20.0,10,0,0,20,0,40.0,10.0,Vendas Diretas,Varejo,65010-000,SAO LUIS,MA
640182,da Rosa,DA ROSA LTDA,Ativo,2025-10-17 16:10:48.000000,2026-03-19 19:30:01.727720,Horas,Rescindido,0.0,20,0,5,5,20,40.0,40.0,Tecnologia,Servicos,15010-000,SAO JOSE DO RIO PRETO,SP
187668,Lopes Ltda.,LOPES LTDA. LTDA,Inativo,2025-06-22 15:33:20.000000,2026-03-19 19:30:01.727741,Chamado,Rescindido,0.0,20,5,10,20,0,20.0,40.0,Vendas Diretas,Varejo,69005-000,MANAUS,AM
880071,Cavalcanti,CAVALCANTI LTDA,Inativo,2024-07-10 23:50:04.000000,2026-03-19 19:30:01.727760,Eqpto/Colab,Rescindido,20.0,5,0,10,0,50,0.0,40.0,Escritorios Associados,Contabil,90010-000,PORTO ALEGRE,RS
562658,Andrade,ANDRADE LTDA,Inativo,2023-07-31 08:44:18.000000,2026-03-19 19:30:01.727779,Horas,Rescindido,10.0,10,10,50,0,20,40.0,0.0,Escritorios Associados,Contabil,55002-000,CARUARU,PE
888966,Borges Andrade S.A.,BORGES ANDRADE S.A. LTDA,Inativo,2025-08-13 19:44:55.000000,2026-03-19 19:30:01.727815,Eqpto/Colab,Não,0.0,50,10,0,20,50,40.0,10.0,Tecnologia,Servicos,11010-000,SANTOS,SP
875895,Lima,LIMA LTDA,Ativo,2024-08-16 19:17:04.000000,2026-03-19 19:30:01.727852,Horas,Rescindido,80.0,50,20,5,10,0,0.0,80.0,Vendas Diretas,Varejo,58400-000,CAMPINA GRANDE,PB
140917,da Mota Silveira S.A.,DA MOTA SILVEIRA S.A. LTDA,Inativo,2025-09-14 18:36:06.000000,2026-03-19 19:30:01.727886,Chamado,Não,10.0,5,10,5,20,20,40.0,20.0,Escritorios Associados,Contabil,80010-000,CURITIBA,PR
562801,Viana - EI,VIANA - EI LTDA,Inativo,2025-12-09 10:29:57.000000,2026-03-19 19:30:01.727918,Horas,Sim,20.0,5,20,20,20,10,40.0,80.0,Tecnologia,Servicos,14010-000,RIBEIRAO PRETO,SP
373464,Martins,MARTINS LTDA,Inativo,2025-07-01 01:21:17.000000,2026-03-19 19:30:01.727946,Horas,Sim,0.0,50,50,5,10,10,40.0,40.0,Tecnologia,Servicos,40010-000,SALVADOR,BA
438942,Melo - ME,MELO - ME LTDA,Inativo,2025-06-11 01:14:55.000000,2026-03-19 19:30:01.727986,Eqpto/Colab,Sim,0.0,20,0,0,20,20,10.0,20.0,Escritorios Associados,Contabil,01001-000,SAO PAULO,SP
708399,Teixeira da Cunha S.A.,TEIXEIRA DA CUNHA S.A. LTDA,Inativo,2025-07-14 22:10:25.000000,2026-03-19 19:30:01.728012,Chamado,Rescindido,40.0,50,20,50,10,50,0.0,40.0,Vendas Diretas,Varejo,36010-000,JUIZ DE FORA,MG
627094,Sampaio Jesus - ME,SAMPAIO JESUS - ME LTDA,Inativo,2025-11-10 08:34:08.000000,2026-03-19 19:30:01.728038,Horas,Rescindido,20.0,5,0,50,50,20,40.0,0.0,Escritorios Associados,Contabil,79002-000,CAMPO GRANDE,MS
784154,Aragao S/A,ARAGAO S/A LTDA,Ativo,2025-12-09 22:11:31.000000,2026-03-19 19:30:01.728065,Horas,Rescindido,40.0,5,10,0,50,20,40.0,20.0,Manufatura Sul,Industria,96010-000,PELOTAS,RS
642953,Goncalves,GONCALVES LTDA,Ativo,2023-07-16 11:45:14.000000,2026-03-19 19:30:01.728092,Chamado,Rescindido,10.0,0,5,20,10,5,20.0,20.0,Escritorios Associados,Contabil,14010-000,RIBEIRAO PRETO,SP
662320,Freitas - EI,FREITAS - EI LTDA,Ativo,2023-10-15 01:51:54.000000,2026-03-19 19:30:01.728121,Horas,Sim,40.0,20,10,50,5,10,40.0,20.0,Tecnologia,Servicos,77001-000,PALMAS,TO
559439,Camargo Ltda.,CAMARGO LTDA. LTDA,Ativo,2024-07-29 11:21:37.000000,2026-03-19 19:30:01.728141,Horas,Sim,40.0,50,20,20,20,20,80.0,80.0,Escritorios Associados,Contabil,79002-000,CAMPO GRANDE,MS
282185,Jesus,JESUS LTDA,Inativo,2024-07-12 06:02:39.000000,2026-03-19 19:30:01.728167,Horas,Rescindido,20.0,50,5,0,0,0,80.0,20.0,Vendas Diretas,Varejo,01001-000,SAO PAULO,SP
207392,Machado,MACHADO LTDA,Inativo,2024-10-23 13:19:56.000000,2026-03-19 19:30:01.728210,Chamado,Rescindido,40.0,5,50,5,5,10,0.0,10.0,Vendas Diretas,Varejo,24020-000,NITEROI,RJ
178055,Vasconcelos - EI,VASCONCELOS - EI LTDA,Ativo,2024-07-28 15:07:51.000000,2026-03-19 19:30:01.728241,Horas,Sim,10.0,50,10,5,20,10,0.0,10.0,Vendas Diretas,Varejo,96010-000,PELOTAS,RS
449928,Macedo Ltda.,MACEDO LTDA. LTDA,Inativo,2025-10-26 17:11:37.000000,2026-03-19 19:30:01.728270,Eqpto/Colab,Rescindido,0.0,50,0,10,20,5,0.0,40.0,Tecnologia,Servicos,89201-000,JOINVILLE,SC
101805,Azevedo,AZEVEDO LTDA,Ativo,2024-08-15 00:24:08.000000,2026-03-19 19:30:01.728300,Chamado,Sim,0.0,50,5,0,50,20,0.0,80.0,Vendas Diretas,Varejo,69900-000,RIO BRANCO,AC
110863,Garcia,GARCIA LTDA,Ativo,2025-04-30 04:02:11.000000,2026-03-19 19:30:01.728338,Eqpto/Colab,Não,80.0,10,20,5,5,10,0.0,0.0,Tecnologia,Servicos,60010-000,FORTALEZA,CE
655414,Viana,VIANA LTDA,Ativo,2024-07-13 10:27:15.000000,2026-03-19 19:30:01.728359,Horas,Não,80.0,20,10,5,5,50,0.0,80.0,Manufatura Sul,Industria,11010-000,SANTOS,SP
614023,Monteiro,MONTEIRO LTDA,Ativo,2025-04-05 12:42:09.000000,2026-03-19 19:30:01.728380,Eqpto/Colab,Não,10.0,5,50,10,50,5,10.0,40.0,Tecnologia,Servicos,68900-000,MACAPA,AP
416327,Campos - EI,CAMPOS - EI LTDA,Ativo,2024-07-22 05:36:04.000000,2026-03-19 19:30:01.728411,Eqpto/Colab,Sim,0.0,10,50,0,50,5,40.0,20.0,Manufatura Sul,Industria,50010-000,RECIFE,PE
620444,Costela S/A,COSTELA S/A LTDA,Ativo,2024-06-30 01:58:43.000000,2026-03-19 19:30:01.728451,Chamado,Sim,80.0,50,20,5,10,10,0.0,80.0,Escritorios Associados,Contabil,90010-000,PORTO ALEGRE,RS
130595,Montenegro S/A,MONTENEGRO S/A LTDA,Inativo,2025-12-21 08:19:33.000000,2026-03-19 19:30:01.728487,Eqpto/Colab,Rescindido,0.0,5,10,10,10,20,40.0,40.0,Manufatura Sul,Industria,99010-000,PASSO FUNDO,RS
137081,Araujo Camargo - EI,ARAUJO CAMARGO - EI LTDA,Ativo,2024-03-24 12:49:54.000000,2026-03-19 19:30:01.728506,Chamado,Rescindido,20.0,20,20,10,0,0,10.0,0.0,Manufatura Sul,Industria,79002-000,CAMPO GRANDE,MS
471986,Garcia Ltda.,GARCIA LTDA. LTDA,Inativo,2025-03-25 00:35:47.000000,2026-03-19 19:30:01.728524,Eqpto/Colab,Não,10.0,10,10,0,0,20,80.0,10.0,Escritorios Associados,Contabil,30110-000,BELO HORIZONTE,MG
533131,Moura,MOURA LTDA,Ativo,2024-05-17 13:37:00.000000,2026-03-19 19:30:01.728544,Chamado,Não,20.0,5,0,20,5,10,40.0,40.0,Escritorios Associados,Contabil,86010-000,LONDRINA,PR
886870,Freitas,FREITAS LTDA,Inativo,2023-06-29 13:26:18.000000,2026-03-19 19:30:01.728562,Eqpto/Colab,Sim,80.0,5,50,50,5,20,40.0,80.0,Vendas Diretas,Varejo,20010-000,RIO DE JANEIRO,RJ
523928,Pereira,PEREIRA LTDA,Ativo,2024-08-20 12:02:33.000000,2026-03-19 19:30:01.728581,Chamado,Sim,10.0,50,50,10,20,5,40.0,80.0,Vendas Diretas,Varejo,69900-000,RIO BRANCO,AC
391941,da Mota,DA MOTA LTDA,Inativo,2023-05-20 18:33:15.000000,2026-03-19 19:30:01.728599,Eqpto/Colab,Sim,0.0,0,0,10,10,10,20.0,40.0,Manufatura Sul,Industria,12209-000,SAO JOSE DOS CAMPOS,SP
409815,Camargo,CAMARGO LTDA,Inativo,2023-12-11 00:34:51.000000,2026-03-19 19:30:01.728616,Chamado,Rescindido,0.0,20,5,10,10,5,80.0,80.0,Vendas Diretas,Varejo,20010-000,RIO DE JANEIRO,RJ
525000,Camargo - ME,CAMARGO - ME LTDA,Ativo,2023-05-17 13:15:16.000000,2026-03-19 19:30:01.728634,Eqpto/Colab,Não,80.0,10,0,50,50,50,40.0,0.0,Escritorios Associados,Contabil,56302-000,PETROLINA,PE
206930,Pires S/A,PIRES S/A LTDA,Ativo,2026-01-29 19:05:23.000000,2026-03-19 19:30:01.728651,Chamado,Rescindido,10.0,5,20,5,50,10,20.0,20.0,Tecnologia,Servicos,50010-000,RECIFE,PE
159947,Fonseca e Filhos,FONSECA E FILHOS LTDA,Ativo,2023-09-29 16:37:37.000000,2026-03-19 19:30:01.728669,Chamado,Não,20.0,0,10,50,20,20,20.0,10.0,Tecnologia,Servicos,66010-000,BELEM,PA
